month,geo,programme,seniority,n
2026-08,nl,all,all,216
2026-08,nl,all,entry,9
2026-08,nl,all,internship,1
2026-08,nl,all,junior,8
2026-08,nl,all,medior,7
2026-08,nl,all,senior,60
2026-08,nl,all,unknown,140
2026-08,nl,business-it-management,all,34
2026-08,nl,business-it-management,entry,1
2026-08,nl,business-it-management,junior,1
2026-08,nl,business-it-management,medior,2
2026-08,nl,business-it-management,senior,5
2026-08,nl,business-it-management,unknown,26
2026-08,nl,informatica,all,133
2026-08,nl,informatica,entry,6
2026-08,nl,informatica,junior,6
2026-08,nl,informatica,medior,4
2026-08,nl,informatica,senior,48
2026-08,nl,informatica,unknown,75
2026-08,nl,technische-informatica,all,61
2026-08,nl,technische-informatica,medior,1
2026-08,nl,technische-informatica,senior,18
2026-08,nl,technische-informatica,unknown,42
2026-08,p:friesland,all,all,2
2026-08,p:friesland,all,entry,2
2026-08,p:friesland,all,junior,2
2026-08,p:friesland,informatica,all,1
2026-08,p:friesland,informatica,entry,1
2026-08,p:friesland,informatica,junior,1
2026-08,p:gelderland,all,all,5
2026-08,p:gelderland,all,senior,2
2026-08,p:gelderland,all,unknown,3
2026-08,p:gelderland,business-it-management,all,1
2026-08,p:gelderland,business-it-management,unknown,1
2026-08,p:gelderland,informatica,all,3
2026-08,p:gelderland,informatica,senior,2
2026-08,p:gelderland,informatica,unknown,1
2026-08,p:gelderland,technische-informatica,all,2
2026-08,p:gelderland,technische-informatica,senior,1
2026-08,p:gelderland,technische-informatica,unknown,1
2026-08,p:noord-brabant,all,all,34
2026-08,p:noord-brabant,all,medior,1
2026-08,p:noord-brabant,all,senior,9
2026-08,p:noord-brabant,all,unknown,24
2026-08,p:noord-brabant,business-it-management,all,8
2026-08,p:noord-brabant,business-it-management,senior,1
2026-08,p:noord-brabant,business-it-management,unknown,7
2026-08,p:noord-brabant,informatica,all,18
2026-08,p:noord-brabant,informatica,medior,1
2026-08,p:noord-brabant,informatica,senior,8
2026-08,p:noord-brabant,informatica,unknown,9
2026-08,p:noord-brabant,technische-informatica,all,7
2026-08,p:noord-brabant,technische-informatica,medior,1
2026-08,p:noord-brabant,technische-informatica,senior,1
2026-08,p:noord-brabant,technische-informatica,unknown,5
2026-08,p:noord-holland,all,all,48
2026-08,p:noord-holland,all,entry,2
2026-08,p:noord-holland,all,junior,2
2026-08,p:noord-holland,all,medior,1
2026-08,p:noord-holland,all,senior,14
2026-08,p:noord-holland,all,unknown,31
2026-08,p:noord-holland,business-it-management,all,5
2026-08,p:noord-holland,business-it-management,entry,1
2026-08,p:noord-holland,business-it-management,junior,1
2026-08,p:noord-holland,business-it-management,senior,1
2026-08,p:noord-holland,business-it-management,unknown,3
2026-08,p:noord-holland,informatica,all,35
2026-08,p:noord-holland,informatica,entry,1
2026-08,p:noord-holland,informatica,junior,1
2026-08,p:noord-holland,informatica,medior,1
2026-08,p:noord-holland,informatica,senior,13
2026-08,p:noord-holland,informatica,unknown,20
2026-08,p:noord-holland,technische-informatica,all,19
2026-08,p:noord-holland,technische-informatica,senior,6
2026-08,p:noord-holland,technische-informatica,unknown,13
2026-08,p:overijssel,all,all,2
2026-08,p:overijssel,all,unknown,2
2026-08,p:overijssel,informatica,all,2
2026-08,p:overijssel,informatica,unknown,2
2026-08,p:utrecht,all,all,18
2026-08,p:utrecht,all,senior,7
2026-08,p:utrecht,all,unknown,11
2026-08,p:utrecht,business-it-management,all,1
2026-08,p:utrecht,business-it-management,senior,1
2026-08,p:utrecht,informatica,all,8
2026-08,p:utrecht,informatica,senior,4
2026-08,p:utrecht,informatica,unknown,4
2026-08,p:utrecht,technische-informatica,all,4
2026-08,p:utrecht,technische-informatica,senior,2
2026-08,p:utrecht,technische-informatica,unknown,2
2026-08,p:zuid-holland,all,all,16
2026-08,p:zuid-holland,all,entry,1
2026-08,p:zuid-holland,all,junior,1
2026-08,p:zuid-holland,all,senior,4
2026-08,p:zuid-holland,all,unknown,11
2026-08,p:zuid-holland,business-it-management,all,2
2026-08,p:zuid-holland,business-it-management,unknown,2
2026-08,p:zuid-holland,informatica,all,12
2026-08,p:zuid-holland,informatica,entry,1
2026-08,p:zuid-holland,informatica,junior,1
2026-08,p:zuid-holland,informatica,senior,4
2026-08,p:zuid-holland,informatica,unknown,7
2026-08,p:zuid-holland,technische-informatica,all,4
2026-08,p:zuid-holland,technische-informatica,unknown,4
2026-08,r:amersfoort,all,all,3
2026-08,r:amersfoort,all,unknown,3
2026-08,r:amersfoort,informatica,all,1
2026-08,r:amersfoort,informatica,unknown,1
2026-08,r:friesland,all,all,1
2026-08,r:friesland,all,entry,1
2026-08,r:friesland,all,junior,1
2026-08,r:groot-amsterdam,all,all,45
2026-08,r:groot-amsterdam,all,entry,2
2026-08,r:groot-amsterdam,all,junior,2
2026-08,r:groot-amsterdam,all,medior,1
2026-08,r:groot-amsterdam,all,senior,13
2026-08,r:groot-amsterdam,all,unknown,29
2026-08,r:groot-amsterdam,business-it-management,all,5
2026-08,r:groot-amsterdam,business-it-management,entry,1
2026-08,r:groot-amsterdam,business-it-management,junior,1
2026-08,r:groot-amsterdam,business-it-management,senior,1
2026-08,r:groot-amsterdam,business-it-management,unknown,3
2026-08,r:groot-amsterdam,informatica,all,32
2026-08,r:groot-amsterdam,informatica,entry,1
2026-08,r:groot-amsterdam,informatica,junior,1
2026-08,r:groot-amsterdam,informatica,medior,1
2026-08,r:groot-amsterdam,informatica,senior,12
2026-08,r:groot-amsterdam,informatica,unknown,18
2026-08,r:groot-amsterdam,technische-informatica,all,19
2026-08,r:groot-amsterdam,technische-informatica,senior,6
2026-08,r:groot-amsterdam,technische-informatica,unknown,13
2026-08,r:haaglanden,all,all,4
2026-08,r:haaglanden,all,senior,2
2026-08,r:haaglanden,all,unknown,2
2026-08,r:haaglanden,informatica,all,4
2026-08,r:haaglanden,informatica,senior,2
2026-08,r:haaglanden,informatica,unknown,2
2026-08,r:haaglanden,technische-informatica,all,2
2026-08,r:haaglanden,technische-informatica,unknown,2
2026-08,r:helmond-de-peel,all,all,1
2026-08,r:helmond-de-peel,all,unknown,1
2026-08,r:helmond-de-peel,informatica,all,1
2026-08,r:helmond-de-peel,informatica,unknown,1
2026-08,r:helmond-de-peel,technische-informatica,all,1
2026-08,r:helmond-de-peel,technische-informatica,unknown,1
2026-08,r:holland-rijnland,all,all,1
2026-08,r:holland-rijnland,all,senior,1
2026-08,r:holland-rijnland,informatica,all,1
2026-08,r:holland-rijnland,informatica,senior,1
2026-08,r:midden-gelderland,all,all,1
2026-08,r:midden-gelderland,all,unknown,1
2026-08,r:midden-gelderland,technische-informatica,all,1
2026-08,r:midden-gelderland,technische-informatica,unknown,1
2026-08,r:midden-holland,all,all,1
2026-08,r:midden-holland,all,unknown,1
2026-08,r:midden-holland,business-it-management,all,1
2026-08,r:midden-holland,business-it-management,unknown,1
2026-08,r:midden-holland,informatica,all,1
2026-08,r:midden-holland,informatica,unknown,1
2026-08,r:midden-utrecht,all,all,15
2026-08,r:midden-utrecht,all,senior,7
2026-08,r:midden-utrecht,all,unknown,8
2026-08,r:midden-utrecht,business-it-management,all,1
2026-08,r:midden-utrecht,business-it-management,senior,1
2026-08,r:midden-utrecht,informatica,all,7
2026-08,r:midden-utrecht,informatica,senior,4
2026-08,r:midden-utrecht,informatica,unknown,3
2026-08,r:midden-utrecht,technische-informatica,all,4
2026-08,r:midden-utrecht,technische-informatica,senior,2
2026-08,r:midden-utrecht,technische-informatica,unknown,2
2026-08,r:noord-holland-noord,all,all,1
2026-08,r:noord-holland-noord,all,unknown,1
2026-08,r:noord-holland-noord,informatica,all,1
2026-08,r:noord-holland-noord,informatica,unknown,1
2026-08,r:noordoost-brabant,all,all,2
2026-08,r:noordoost-brabant,all,senior,1
2026-08,r:noordoost-brabant,all,unknown,1
2026-08,r:noordoost-brabant,business-it-management,all,1
2026-08,r:noordoost-brabant,business-it-management,senior,1
2026-08,r:regio-zwolle,all,all,1
2026-08,r:regio-zwolle,all,unknown,1
2026-08,r:regio-zwolle,informatica,all,1
2026-08,r:regio-zwolle,informatica,unknown,1
2026-08,r:rijnmond,all,all,7
2026-08,r:rijnmond,all,entry,1
2026-08,r:rijnmond,all,junior,1
2026-08,r:rijnmond,all,senior,1
2026-08,r:rijnmond,all,unknown,5
2026-08,r:rijnmond,informatica,all,4
2026-08,r:rijnmond,informatica,entry,1
2026-08,r:rijnmond,informatica,junior,1
2026-08,r:rijnmond,informatica,senior,1
2026-08,r:rijnmond,informatica,unknown,2
2026-08,r:rijnmond,technische-informatica,all,2
2026-08,r:rijnmond,technische-informatica,unknown,2
2026-08,r:west-brabant,all,all,2
2026-08,r:west-brabant,all,senior,1
2026-08,r:west-brabant,all,unknown,1
2026-08,r:west-brabant,informatica,all,1
2026-08,r:west-brabant,informatica,senior,1
2026-08,r:west-brabant,technische-informatica,all,1
2026-08,r:west-brabant,technische-informatica,unknown,1
2026-08,r:zaanstreek-waterland,all,all,1
2026-08,r:zaanstreek-waterland,all,unknown,1
2026-08,r:zaanstreek-waterland,informatica,all,1
2026-08,r:zaanstreek-waterland,informatica,unknown,1
2026-08,r:zuidoost-brabant,all,all,25
2026-08,r:zuidoost-brabant,all,medior,1
2026-08,r:zuidoost-brabant,all,senior,6
2026-08,r:zuidoost-brabant,all,unknown,18
2026-08,r:zuidoost-brabant,business-it-management,all,6
2026-08,r:zuidoost-brabant,business-it-management,unknown,6
2026-08,r:zuidoost-brabant,informatica,all,13
2026-08,r:zuidoost-brabant,informatica,medior,1
2026-08,r:zuidoost-brabant,informatica,senior,6
2026-08,r:zuidoost-brabant,informatica,unknown,6
2026-08,r:zuidoost-brabant,technische-informatica,all,5
2026-08,r:zuidoost-brabant,technische-informatica,medior,1
2026-08,r:zuidoost-brabant,technische-informatica,senior,1
2026-08,r:zuidoost-brabant,technische-informatica,unknown,3
2026-09,nl,all,all,1434
2026-09,nl,all,entry,68
2026-09,nl,all,internship,21
2026-09,nl,all,junior,47
2026-09,nl,all,medior,62
2026-09,nl,all,senior,379
2026-09,nl,all,unknown,925
2026-09,nl,business-it-management,all,277
2026-09,nl,business-it-management,entry,23
2026-09,nl,business-it-management,internship,1
2026-09,nl,business-it-management,junior,22
2026-09,nl,business-it-management,medior,15
2026-09,nl,business-it-management,senior,26
2026-09,nl,business-it-management,unknown,213
2026-09,nl,informatica,all,868
2026-09,nl,informatica,entry,29
2026-09,nl,informatica,internship,9
2026-09,nl,informatica,junior,20
2026-09,nl,informatica,medior,39
2026-09,nl,informatica,senior,309
2026-09,nl,informatica,unknown,491
2026-09,nl,technische-informatica,all,374
2026-09,nl,technische-informatica,entry,14
2026-09,nl,technische-informatica,internship,7
2026-09,nl,technische-informatica,junior,7
2026-09,nl,technische-informatica,medior,11
2026-09,nl,technische-informatica,senior,103
2026-09,nl,technische-informatica,unknown,246
2026-09,p:drenthe,all,all,10
2026-09,p:drenthe,all,entry,1
2026-09,p:drenthe,all,junior,1
2026-09,p:drenthe,all,senior,1
2026-09,p:drenthe,all,unknown,8
2026-09,p:drenthe,business-it-management,all,3
2026-09,p:drenthe,business-it-management,entry,1
2026-09,p:drenthe,business-it-management,junior,1
2026-09,p:drenthe,business-it-management,unknown,2
2026-09,p:drenthe,informatica,all,5
2026-09,p:drenthe,informatica,senior,1
2026-09,p:drenthe,informatica,unknown,4
2026-09,p:drenthe,technische-informatica,all,2
2026-09,p:drenthe,technische-informatica,unknown,2
2026-09,p:flevoland,all,all,8
2026-09,p:flevoland,all,medior,1
2026-09,p:flevoland,all,senior,2
2026-09,p:flevoland,all,unknown,5
2026-09,p:flevoland,business-it-management,all,1
2026-09,p:flevoland,business-it-management,unknown,1
2026-09,p:flevoland,informatica,all,2
2026-09,p:flevoland,informatica,medior,1
2026-09,p:flevoland,informatica,senior,1
2026-09,p:flevoland,technische-informatica,all,1
2026-09,p:flevoland,technische-informatica,senior,1
2026-09,p:friesland,all,all,23
2026-09,p:friesland,all,entry,2
2026-09,p:friesland,all,junior,2
2026-09,p:friesland,all,medior,1
2026-09,p:friesland,all,senior,5
2026-09,p:friesland,all,unknown,15
2026-09,p:friesland,business-it-management,all,4
2026-09,p:friesland,business-it-management,entry,1
2026-09,p:friesland,business-it-management,junior,1
2026-09,p:friesland,business-it-management,unknown,3
2026-09,p:friesland,informatica,all,17
2026-09,p:friesland,informatica,entry,1
2026-09,p:friesland,informatica,junior,1
2026-09,p:friesland,informatica,senior,5
2026-09,p:friesland,informatica,unknown,11
2026-09,p:friesland,technische-informatica,all,8
2026-09,p:friesland,technische-informatica,medior,1
2026-09,p:friesland,technische-informatica,senior,3
2026-09,p:friesland,technische-informatica,unknown,4
2026-09,p:gelderland,all,all,68
2026-09,p:gelderland,all,entry,2
2026-09,p:gelderland,all,junior,2
2026-09,p:gelderland,all,medior,6
2026-09,p:gelderland,all,senior,14
2026-09,p:gelderland,all,unknown,46
2026-09,p:gelderland,business-it-management,all,10
2026-09,p:gelderland,business-it-management,entry,1
2026-09,p:gelderland,business-it-management,junior,1
2026-09,p:gelderland,business-it-management,medior,3
2026-09,p:gelderland,business-it-management,unknown,6
2026-09,p:gelderland,informatica,all,36
2026-09,p:gelderland,informatica,medior,3
2026-09,p:gelderland,informatica,senior,12
2026-09,p:gelderland,informatica,unknown,21
2026-09,p:gelderland,technische-informatica,all,11
2026-09,p:gelderland,technische-informatica,senior,2
2026-09,p:gelderland,technische-informatica,unknown,9
2026-09,p:groningen,all,all,25
2026-09,p:groningen,all,entry,5
2026-09,p:groningen,all,junior,5
2026-09,p:groningen,all,medior,3
2026-09,p:groningen,all,senior,2
2026-09,p:groningen,all,unknown,15
2026-09,p:groningen,business-it-management,all,12
2026-09,p:groningen,business-it-management,entry,3
2026-09,p:groningen,business-it-management,junior,3
2026-09,p:groningen,business-it-management,medior,2
2026-09,p:groningen,business-it-management,senior,2
2026-09,p:groningen,business-it-management,unknown,5
2026-09,p:groningen,informatica,all,9
2026-09,p:groningen,informatica,entry,1
2026-09,p:groningen,informatica,junior,1
2026-09,p:groningen,informatica,medior,1
2026-09,p:groningen,informatica,senior,1
2026-09,p:groningen,informatica,unknown,6
2026-09,p:groningen,technische-informatica,all,6
2026-09,p:groningen,technische-informatica,unknown,6
2026-09,p:limburg,all,all,37
2026-09,p:limburg,all,entry,2
2026-09,p:limburg,all,junior,2
2026-09,p:limburg,all,senior,3
2026-09,p:limburg,all,unknown,32
2026-09,p:limburg,business-it-management,all,9
2026-09,p:limburg,business-it-management,entry,1
2026-09,p:limburg,business-it-management,junior,1
2026-09,p:limburg,business-it-management,senior,2
2026-09,p:limburg,business-it-management,unknown,6
2026-09,p:limburg,informatica,all,22
2026-09,p:limburg,informatica,entry,2
2026-09,p:limburg,informatica,junior,2
2026-09,p:limburg,informatica,senior,2
2026-09,p:limburg,informatica,unknown,18
2026-09,p:limburg,technische-informatica,all,10
2026-09,p:limburg,technische-informatica,senior,1
2026-09,p:limburg,technische-informatica,unknown,9
2026-09,p:noord-brabant,all,all,206
2026-09,p:noord-brabant,all,entry,7
2026-09,p:noord-brabant,all,internship,1
2026-09,p:noord-brabant,all,junior,6
2026-09,p:noord-brabant,all,medior,3
2026-09,p:noord-brabant,all,senior,65
2026-09,p:noord-brabant,all,unknown,131
2026-09,p:noord-brabant,business-it-management,all,41
2026-09,p:noord-brabant,business-it-management,entry,2
2026-09,p:noord-brabant,business-it-management,junior,2
2026-09,p:noord-brabant,business-it-management,medior,2
2026-09,p:noord-brabant,business-it-management,senior,3
2026-09,p:noord-brabant,business-it-management,unknown,34
2026-09,p:noord-brabant,informatica,all,124
2026-09,p:noord-brabant,informatica,entry,4
2026-09,p:noord-brabant,informatica,internship,1
2026-09,p:noord-brabant,informatica,junior,3
2026-09,p:noord-brabant,informatica,medior,1
2026-09,p:noord-brabant,informatica,senior,57
2026-09,p:noord-brabant,informatica,unknown,62
2026-09,p:noord-brabant,technische-informatica,all,44
2026-09,p:noord-brabant,technische-informatica,entry,1
2026-09,p:noord-brabant,technische-informatica,junior,1
2026-09,p:noord-brabant,technische-informatica,senior,18
2026-09,p:noord-brabant,technische-informatica,unknown,25
2026-09,p:noord-holland,all,all,285
2026-09,p:noord-holland,all,entry,14
2026-09,p:noord-holland,all,internship,7
2026-09,p:noord-holland,all,junior,7
2026-09,p:noord-holland,all,medior,9
2026-09,p:noord-holland,all,senior,92
2026-09,p:noord-holland,all,unknown,170
2026-09,p:noord-holland,business-it-management,all,41
2026-09,p:noord-holland,business-it-management,entry,3
2026-09,p:noord-holland,business-it-management,junior,3
2026-09,p:noord-holland,business-it-management,senior,5
2026-09,p:noord-holland,business-it-management,unknown,33
2026-09,p:noord-holland,informatica,all,194
2026-09,p:noord-holland,informatica,entry,8
2026-09,p:noord-holland,informatica,internship,5
2026-09,p:noord-holland,informatica,junior,3
2026-09,p:noord-holland,informatica,medior,8
2026-09,p:noord-holland,informatica,senior,73
2026-09,p:noord-holland,informatica,unknown,105
2026-09,p:noord-holland,technische-informatica,all,59
2026-09,p:noord-holland,technische-informatica,entry,3
2026-09,p:noord-holland,technische-informatica,internship,1
2026-09,p:noord-holland,technische-informatica,junior,2
2026-09,p:noord-holland,technische-informatica,medior,1
2026-09,p:noord-holland,technische-informatica,senior,21
2026-09,p:noord-holland,technische-informatica,unknown,34
2026-09,p:overijssel,all,all,48
2026-09,p:overijssel,all,medior,1
2026-09,p:overijssel,all,senior,5
2026-09,p:overijssel,all,unknown,42
2026-09,p:overijssel,business-it-management,all,8
2026-09,p:overijssel,business-it-management,medior,1
2026-09,p:overijssel,business-it-management,unknown,7
2026-09,p:overijssel,informatica,all,23
2026-09,p:overijssel,informatica,senior,5
2026-09,p:overijssel,informatica,unknown,18
2026-09,p:overijssel,technische-informatica,all,15
2026-09,p:overijssel,technische-informatica,unknown,15
2026-09,p:utrecht,all,all,138
2026-09,p:utrecht,all,entry,12
2026-09,p:utrecht,all,internship,6
2026-09,p:utrecht,all,junior,6
2026-09,p:utrecht,all,medior,10
2026-09,p:utrecht,all,senior,38
2026-09,p:utrecht,all,unknown,78
2026-09,p:utrecht,business-it-management,all,32
2026-09,p:utrecht,business-it-management,entry,5
2026-09,p:utrecht,business-it-management,junior,5
2026-09,p:utrecht,business-it-management,medior,2
2026-09,p:utrecht,business-it-management,senior,6
2026-09,p:utrecht,business-it-management,unknown,19
2026-09,p:utrecht,informatica,all,80
2026-09,p:utrecht,informatica,entry,2
2026-09,p:utrecht,informatica,internship,1
2026-09,p:utrecht,informatica,junior,1
2026-09,p:utrecht,informatica,medior,6
2026-09,p:utrecht,informatica,senior,29
2026-09,p:utrecht,informatica,unknown,43
2026-09,p:utrecht,technische-informatica,all,47
2026-09,p:utrecht,technische-informatica,entry,4
2026-09,p:utrecht,technische-informatica,internship,4
2026-09,p:utrecht,technische-informatica,medior,1
2026-09,p:utrecht,technische-informatica,senior,14
2026-09,p:utrecht,technische-informatica,unknown,28
2026-09,p:zeeland,all,all,5
2026-09,p:zeeland,all,unknown,5
2026-09,p:zeeland,informatica,all,2
2026-09,p:zeeland,informatica,unknown,2
2026-09,p:zeeland,technische-informatica,all,3
2026-09,p:zeeland,technische-informatica,unknown,3
2026-09,p:zuid-holland,all,all,237
2026-09,p:zuid-holland,all,entry,12
2026-09,p:zuid-holland,all,internship,4
2026-09,p:zuid-holland,all,junior,8
2026-09,p:zuid-holland,all,medior,9
2026-09,p:zuid-holland,all,senior,50
2026-09,p:zuid-holland,all,unknown,166
2026-09,p:zuid-holland,business-it-management,all,54
2026-09,p:zuid-holland,business-it-management,entry,4
2026-09,p:zuid-holland,business-it-management,internship,1
2026-09,p:zuid-holland,business-it-management,junior,3
2026-09,p:zuid-holland,business-it-management,medior,1
2026-09,p:zuid-holland,business-it-management,senior,5
2026-09,p:zuid-holland,business-it-management,unknown,44
2026-09,p:zuid-holland,informatica,all,126
2026-09,p:zuid-holland,informatica,entry,5
2026-09,p:zuid-holland,informatica,internship,1
2026-09,p:zuid-holland,informatica,junior,4
2026-09,p:zuid-holland,informatica,medior,6
2026-09,p:zuid-holland,informatica,senior,35
2026-09,p:zuid-holland,informatica,unknown,80
2026-09,p:zuid-holland,technische-informatica,all,73
2026-09,p:zuid-holland,technische-informatica,entry,5
2026-09,p:zuid-holland,technische-informatica,internship,2
2026-09,p:zuid-holland,technische-informatica,junior,3
2026-09,p:zuid-holland,technische-informatica,medior,3
2026-09,p:zuid-holland,technische-informatica,senior,14
2026-09,p:zuid-holland,technische-informatica,unknown,51
2026-09,r:amersfoort,all,all,19
2026-09,r:amersfoort,all,entry,1
2026-09,r:amersfoort,all,internship,1
2026-09,r:amersfoort,all,medior,3
2026-09,r:amersfoort,all,senior,3
2026-09,r:amersfoort,all,unknown,12
2026-09,r:amersfoort,business-it-management,all,2
2026-09,r:amersfoort,business-it-management,senior,2
2026-09,r:amersfoort,informatica,all,17
2026-09,r:amersfoort,informatica,entry,1
2026-09,r:amersfoort,informatica,internship,1
2026-09,r:amersfoort,informatica,medior,3
2026-09,r:amersfoort,informatica,senior,2
2026-09,r:amersfoort,informatica,unknown,11
2026-09,r:amersfoort,technische-informatica,all,7
2026-09,r:amersfoort,technische-informatica,senior,1
2026-09,r:amersfoort,technische-informatica,unknown,6
2026-09,r:drechtsteden,all,all,4
2026-09,r:drechtsteden,all,unknown,4
2026-09,r:drechtsteden,informatica,all,2
2026-09,r:drechtsteden,informatica,unknown,2
2026-09,r:drechtsteden,technische-informatica,all,1
2026-09,r:drechtsteden,technische-informatica,unknown,1
2026-09,r:drenthe,all,all,4
2026-09,r:drenthe,all,unknown,4
2026-09,r:drenthe,business-it-management,all,1
2026-09,r:drenthe,business-it-management,unknown,1
2026-09,r:drenthe,informatica,all,2
2026-09,r:drenthe,informatica,unknown,2
2026-09,r:drenthe,technische-informatica,all,1
2026-09,r:drenthe,technische-informatica,unknown,1
2026-09,r:flevoland,all,all,3
2026-09,r:flevoland,all,medior,1
2026-09,r:flevoland,all,senior,1
2026-09,r:flevoland,all,unknown,1
2026-09,r:flevoland,informatica,all,1
2026-09,r:flevoland,informatica,medior,1
2026-09,r:flevoland,technische-informatica,all,1
2026-09,r:flevoland,technische-informatica,senior,1
2026-09,r:food-valley,all,all,7
2026-09,r:food-valley,all,medior,1
2026-09,r:food-valley,all,unknown,6
2026-09,r:food-valley,informatica,all,4
2026-09,r:food-valley,informatica,medior,1
2026-09,r:food-valley,informatica,unknown,3
2026-09,r:food-valley,technische-informatica,all,1
2026-09,r:food-valley,technische-informatica,unknown,1
2026-09,r:friesland,all,all,17
2026-09,r:friesland,all,entry,2
2026-09,r:friesland,all,junior,2
2026-09,r:friesland,all,senior,5
2026-09,r:friesland,all,unknown,10
2026-09,r:friesland,business-it-management,all,4
2026-09,r:friesland,business-it-management,entry,1
2026-09,r:friesland,business-it-management,junior,1
2026-09,r:friesland,business-it-management,unknown,3
2026-09,r:friesland,informatica,all,13
2026-09,r:friesland,informatica,entry,1
2026-09,r:friesland,informatica,junior,1
2026-09,r:friesland,informatica,senior,5
2026-09,r:friesland,informatica,unknown,7
2026-09,r:friesland,technische-informatica,all,4
2026-09,r:friesland,technische-informatica,senior,3
2026-09,r:friesland,technische-informatica,unknown,1
2026-09,r:gooi-vechtstreek,all,all,20
2026-09,r:gooi-vechtstreek,all,entry,1
2026-09,r:gooi-vechtstreek,all,junior,1
2026-09,r:gooi-vechtstreek,all,medior,2
2026-09,r:gooi-vechtstreek,all,senior,6
2026-09,r:gooi-vechtstreek,all,unknown,11
2026-09,r:gooi-vechtstreek,business-it-management,all,2
2026-09,r:gooi-vechtstreek,business-it-management,entry,1
2026-09,r:gooi-vechtstreek,business-it-management,junior,1
2026-09,r:gooi-vechtstreek,business-it-management,unknown,1
2026-09,r:gooi-vechtstreek,informatica,all,16
2026-09,r:gooi-vechtstreek,informatica,medior,2
2026-09,r:gooi-vechtstreek,informatica,senior,5
2026-09,r:gooi-vechtstreek,informatica,unknown,9
2026-09,r:gooi-vechtstreek,technische-informatica,all,5
2026-09,r:gooi-vechtstreek,technische-informatica,unknown,5
2026-09,r:groningen,all,all,20
2026-09,r:groningen,all,entry,3
2026-09,r:groningen,all,junior,3
2026-09,r:groningen,all,medior,3
2026-09,r:groningen,all,senior,2
2026-09,r:groningen,all,unknown,12
2026-09,r:groningen,business-it-management,all,10
2026-09,r:groningen,business-it-management,entry,1
2026-09,r:groningen,business-it-management,junior,1
2026-09,r:groningen,business-it-management,medior,2
2026-09,r:groningen,business-it-management,senior,2
2026-09,r:groningen,business-it-management,unknown,5
2026-09,r:groningen,informatica,all,8
2026-09,r:groningen,informatica,entry,1
2026-09,r:groningen,informatica,junior,1
2026-09,r:groningen,informatica,medior,1
2026-09,r:groningen,informatica,senior,1
2026-09,r:groningen,informatica,unknown,5
2026-09,r:groningen,technische-informatica,all,5
2026-09,r:groningen,technische-informatica,unknown,5
2026-09,r:groot-amsterdam,all,all,224
2026-09,r:groot-amsterdam,all,entry,10
2026-09,r:groot-amsterdam,all,internship,5
2026-09,r:groot-amsterdam,all,junior,5
2026-09,r:groot-amsterdam,all,medior,5
2026-09,r:groot-amsterdam,all,senior,81
2026-09,r:groot-amsterdam,all,unknown,128
2026-09,r:groot-amsterdam,business-it-management,all,33
2026-09,r:groot-amsterdam,business-it-management,entry,2
2026-09,r:groot-amsterdam,business-it-management,junior,2
2026-09,r:groot-amsterdam,business-it-management,senior,5
2026-09,r:groot-amsterdam,business-it-management,unknown,26
2026-09,r:groot-amsterdam,informatica,all,157
2026-09,r:groot-amsterdam,informatica,entry,6
2026-09,r:groot-amsterdam,informatica,internship,3
2026-09,r:groot-amsterdam,informatica,junior,3
2026-09,r:groot-amsterdam,informatica,medior,4
2026-09,r:groot-amsterdam,informatica,senior,67
2026-09,r:groot-amsterdam,informatica,unknown,80
2026-09,r:groot-amsterdam,technische-informatica,all,46
2026-09,r:groot-amsterdam,technische-informatica,entry,2
2026-09,r:groot-amsterdam,technische-informatica,internship,1
2026-09,r:groot-amsterdam,technische-informatica,junior,1
2026-09,r:groot-amsterdam,technische-informatica,medior,1
2026-09,r:groot-amsterdam,technische-informatica,senior,18
2026-09,r:groot-amsterdam,technische-informatica,unknown,25
2026-09,r:haaglanden,all,all,96
2026-09,r:haaglanden,all,entry,2
2026-09,r:haaglanden,all,internship,1
2026-09,r:haaglanden,all,junior,1
2026-09,r:haaglanden,all,medior,2
2026-09,r:haaglanden,all,senior,23
2026-09,r:haaglanden,all,unknown,69
2026-09,r:haaglanden,business-it-management,all,26
2026-09,r:haaglanden,business-it-management,entry,2
2026-09,r:haaglanden,business-it-management,internship,1
2026-09,r:haaglanden,business-it-management,junior,1
2026-09,r:haaglanden,business-it-management,senior,4
2026-09,r:haaglanden,business-it-management,unknown,20
2026-09,r:haaglanden,informatica,all,55
2026-09,r:haaglanden,informatica,medior,2
2026-09,r:haaglanden,informatica,senior,15
2026-09,r:haaglanden,informatica,unknown,38
2026-09,r:haaglanden,technische-informatica,all,23
2026-09,r:haaglanden,technische-informatica,senior,3
2026-09,r:haaglanden,technische-informatica,unknown,20
2026-09,r:helmond-de-peel,all,all,2
2026-09,r:helmond-de-peel,all,unknown,2
2026-09,r:helmond-de-peel,technische-informatica,all,1
2026-09,r:helmond-de-peel,technische-informatica,unknown,1
2026-09,r:holland-rijnland,all,all,6
2026-09,r:holland-rijnland,all,medior,1
2026-09,r:holland-rijnland,all,senior,1
2026-09,r:holland-rijnland,all,unknown,4
2026-09,r:holland-rijnland,informatica,all,1
2026-09,r:holland-rijnland,informatica,senior,1
2026-09,r:holland-rijnland,technische-informatica,all,4
2026-09,r:holland-rijnland,technische-informatica,senior,1
2026-09,r:holland-rijnland,technische-informatica,unknown,3
2026-09,r:midden-brabant,all,all,11
2026-09,r:midden-brabant,all,entry,2
2026-09,r:midden-brabant,all,junior,2
2026-09,r:midden-brabant,all,unknown,9
2026-09,r:midden-brabant,business-it-management,all,1
2026-09,r:midden-brabant,business-it-management,unknown,1
2026-09,r:midden-brabant,informatica,all,4
2026-09,r:midden-brabant,informatica,entry,2
2026-09,r:midden-brabant,informatica,junior,2
2026-09,r:midden-brabant,informatica,unknown,2
2026-09,r:midden-brabant,technische-informatica,all,2
2026-09,r:midden-brabant,technische-informatica,unknown,2
2026-09,r:midden-gelderland,all,all,16
2026-09,r:midden-gelderland,all,entry,1
2026-09,r:midden-gelderland,all,junior,1
2026-09,r:midden-gelderland,all,medior,2
2026-09,r:midden-gelderland,all,senior,4
2026-09,r:midden-gelderland,all,unknown,9
2026-09,r:midden-gelderland,business-it-management,all,4
2026-09,r:midden-gelderland,business-it-management,entry,1
2026-09,r:midden-gelderland,business-it-management,junior,1
2026-09,r:midden-gelderland,business-it-management,medior,2
2026-09,r:midden-gelderland,business-it-management,unknown,1
2026-09,r:midden-gelderland,informatica,all,7
2026-09,r:midden-gelderland,informatica,senior,3
2026-09,r:midden-gelderland,informatica,unknown,4
2026-09,r:midden-gelderland,technische-informatica,all,3
2026-09,r:midden-gelderland,technische-informatica,senior,1
2026-09,r:midden-gelderland,technische-informatica,unknown,2
2026-09,r:midden-holland,all,all,13
2026-09,r:midden-holland,all,senior,1
2026-09,r:midden-holland,all,unknown,12
2026-09,r:midden-holland,business-it-management,all,5
2026-09,r:midden-holland,business-it-management,unknown,5
2026-09,r:midden-holland,informatica,all,3
2026-09,r:midden-holland,informatica,unknown,3
2026-09,r:midden-holland,technische-informatica,all,5
2026-09,r:midden-holland,technische-informatica,unknown,5
2026-09,r:midden-utrecht,all,all,108
2026-09,r:midden-utrecht,all,entry,9
2026-09,r:midden-utrecht,all,internship,5
2026-09,r:midden-utrecht,all,junior,4
2026-09,r:midden-utrecht,all,medior,7
2026-09,r:midden-utrecht,all,senior,32
2026-09,r:midden-utrecht,all,unknown,60
2026-09,r:midden-utrecht,business-it-management,all,26
2026-09,r:midden-utrecht,business-it-management,entry,3
2026-09,r:midden-utrecht,business-it-management,junior,3
2026-09,r:midden-utrecht,business-it-management,medior,2
2026-09,r:midden-utrecht,business-it-management,senior,3
2026-09,r:midden-utrecht,business-it-management,unknown,18
2026-09,r:midden-utrecht,informatica,all,60
2026-09,r:midden-utrecht,informatica,entry,1
2026-09,r:midden-utrecht,informatica,junior,1
2026-09,r:midden-utrecht,informatica,medior,3
2026-09,r:midden-utrecht,informatica,senior,26
2026-09,r:midden-utrecht,informatica,unknown,30
2026-09,r:midden-utrecht,technische-informatica,all,36
2026-09,r:midden-utrecht,technische-informatica,entry,4
2026-09,r:midden-utrecht,technische-informatica,internship,4
2026-09,r:midden-utrecht,technische-informatica,medior,1
2026-09,r:midden-utrecht,technische-informatica,senior,12
2026-09,r:midden-utrecht,technische-informatica,unknown,19
2026-09,r:noord-holland-noord,all,all,12
2026-09,r:noord-holland-noord,all,senior,2
2026-09,r:noord-holland-noord,all,unknown,10
2026-09,r:noord-holland-noord,business-it-management,all,2
2026-09,r:noord-holland-noord,business-it-management,unknown,2
2026-09,r:noord-holland-noord,informatica,all,5
2026-09,r:noord-holland-noord,informatica,unknown,5
2026-09,r:noord-holland-noord,technische-informatica,all,3
2026-09,r:noord-holland-noord,technische-informatica,senior,2
2026-09,r:noord-holland-noord,technische-informatica,unknown,1
2026-09,r:noord-limburg,all,all,2
2026-09,r:noord-limburg,all,unknown,2
2026-09,r:noord-limburg,informatica,all,1
2026-09,r:noord-limburg,informatica,unknown,1
2026-09,r:noord-limburg,technische-informatica,all,1
2026-09,r:noord-limburg,technische-informatica,unknown,1
2026-09,r:noordoost-brabant,all,all,18
2026-09,r:noordoost-brabant,all,senior,8
2026-09,r:noordoost-brabant,all,unknown,10
2026-09,r:noordoost-brabant,business-it-management,all,3
2026-09,r:noordoost-brabant,business-it-management,senior,1
2026-09,r:noordoost-brabant,business-it-management,unknown,2
2026-09,r:noordoost-brabant,informatica,all,13
2026-09,r:noordoost-brabant,informatica,senior,8
2026-09,r:noordoost-brabant,informatica,unknown,5
2026-09,r:noordoost-brabant,technische-informatica,all,6
2026-09,r:noordoost-brabant,technische-informatica,senior,2
2026-09,r:noordoost-brabant,technische-informatica,unknown,4
2026-09,r:regio-zwolle,all,all,19
2026-09,r:regio-zwolle,all,senior,3
2026-09,r:regio-zwolle,all,unknown,16
2026-09,r:regio-zwolle,business-it-management,all,5
2026-09,r:regio-zwolle,business-it-management,unknown,5
2026-09,r:regio-zwolle,informatica,all,13
2026-09,r:regio-zwolle,informatica,senior,3
2026-09,r:regio-zwolle,informatica,unknown,10
2026-09,r:regio-zwolle,technische-informatica,all,3
2026-09,r:regio-zwolle,technische-informatica,unknown,3
2026-09,r:rijk-van-nijmegen,all,all,8
2026-09,r:rijk-van-nijmegen,all,medior,1
2026-09,r:rijk-van-nijmegen,all,senior,1
2026-09,r:rijk-van-nijmegen,all,unknown,6
2026-09,r:rijk-van-nijmegen,business-it-management,all,3
2026-09,r:rijk-van-nijmegen,business-it-management,medior,1
2026-09,r:rijk-van-nijmegen,business-it-management,unknown,2
2026-09,r:rijk-van-nijmegen,informatica,all,1
2026-09,r:rijk-van-nijmegen,informatica,senior,1
2026-09,r:rijk-van-nijmegen,technische-informatica,all,2
2026-09,r:rijk-van-nijmegen,technische-informatica,unknown,2
2026-09,r:rijnmond,all,all,81
2026-09,r:rijnmond,all,entry,6
2026-09,r:rijnmond,all,internship,1
2026-09,r:rijnmond,all,junior,5
2026-09,r:rijnmond,all,medior,5
2026-09,r:rijnmond,all,senior,21
2026-09,r:rijnmond,all,unknown,49
2026-09,r:rijnmond,business-it-management,all,17
2026-09,r:rijnmond,business-it-management,entry,2
2026-09,r:rijnmond,business-it-management,junior,2
2026-09,r:rijnmond,business-it-management,medior,1
2026-09,r:rijnmond,business-it-management,senior,1
2026-09,r:rijnmond,business-it-management,unknown,13
2026-09,r:rijnmond,informatica,all,47
2026-09,r:rijnmond,informatica,entry,4
2026-09,r:rijnmond,informatica,internship,1
2026-09,r:rijnmond,informatica,junior,3
2026-09,r:rijnmond,informatica,medior,3
2026-09,r:rijnmond,informatica,senior,17
2026-09,r:rijnmond,informatica,unknown,23
2026-09,r:rijnmond,technische-informatica,all,31
2026-09,r:rijnmond,technische-informatica,entry,3
2026-09,r:rijnmond,technische-informatica,junior,3
2026-09,r:rijnmond,technische-informatica,medior,3
2026-09,r:rijnmond,technische-informatica,senior,9
2026-09,r:rijnmond,technische-informatica,unknown,16
2026-09,r:stedendriehoek,all,all,10
2026-09,r:stedendriehoek,all,senior,7
2026-09,r:stedendriehoek,all,unknown,3
2026-09,r:stedendriehoek,informatica,all,9
2026-09,r:stedendriehoek,informatica,senior,7
2026-09,r:stedendriehoek,informatica,unknown,2
2026-09,r:twente,all,all,14
2026-09,r:twente,all,unknown,14
2026-09,r:twente,business-it-management,all,1
2026-09,r:twente,business-it-management,unknown,1
2026-09,r:twente,informatica,all,4
2026-09,r:twente,informatica,unknown,4
2026-09,r:twente,technische-informatica,all,8
2026-09,r:twente,technische-informatica,unknown,8
2026-09,r:west-brabant,all,all,11
2026-09,r:west-brabant,all,entry,1
2026-09,r:west-brabant,all,junior,1
2026-09,r:west-brabant,all,senior,1
2026-09,r:west-brabant,all,unknown,9
2026-09,r:west-brabant,business-it-management,all,6
2026-09,r:west-brabant,business-it-management,entry,1
2026-09,r:west-brabant,business-it-management,junior,1
2026-09,r:west-brabant,business-it-management,unknown,5
2026-09,r:west-brabant,informatica,all,7
2026-09,r:west-brabant,informatica,senior,1
2026-09,r:west-brabant,informatica,unknown,6
2026-09,r:zaanstreek-waterland,all,all,10
2026-09,r:zaanstreek-waterland,all,entry,2
2026-09,r:zaanstreek-waterland,all,internship,2
2026-09,r:zaanstreek-waterland,all,medior,2
2026-09,r:zaanstreek-waterland,all,senior,1
2026-09,r:zaanstreek-waterland,all,unknown,5
2026-09,r:zaanstreek-waterland,business-it-management,all,2
2026-09,r:zaanstreek-waterland,business-it-management,unknown,2
2026-09,r:zaanstreek-waterland,informatica,all,7
2026-09,r:zaanstreek-waterland,informatica,entry,2
2026-09,r:zaanstreek-waterland,informatica,internship,2
2026-09,r:zaanstreek-waterland,informatica,medior,2
2026-09,r:zaanstreek-waterland,informatica,senior,1
2026-09,r:zaanstreek-waterland,informatica,unknown,2
2026-09,r:zeeland,all,all,2
2026-09,r:zeeland,all,unknown,2
2026-09,r:zuid-holland-centraal,all,all,7
2026-09,r:zuid-holland-centraal,all,entry,1
2026-09,r:zuid-holland-centraal,all,junior,1
2026-09,r:zuid-holland-centraal,all,unknown,6
2026-09,r:zuid-holland-centraal,business-it-management,all,3
2026-09,r:zuid-holland-centraal,business-it-management,unknown,3
2026-09,r:zuid-holland-centraal,informatica,all,3
2026-09,r:zuid-holland-centraal,informatica,entry,1
2026-09,r:zuid-holland-centraal,informatica,junior,1
2026-09,r:zuid-holland-centraal,informatica,unknown,2
2026-09,r:zuid-kennemerland-ijmond,all,all,10
2026-09,r:zuid-kennemerland-ijmond,all,senior,2
2026-09,r:zuid-kennemerland-ijmond,all,unknown,8
2026-09,r:zuid-kennemerland-ijmond,business-it-management,all,1
2026-09,r:zuid-kennemerland-ijmond,business-it-management,unknown,1
2026-09,r:zuid-kennemerland-ijmond,informatica,all,6
2026-09,r:zuid-kennemerland-ijmond,informatica,unknown,6
2026-09,r:zuid-kennemerland-ijmond,technische-informatica,all,3
2026-09,r:zuid-kennemerland-ijmond,technische-informatica,senior,1
2026-09,r:zuid-kennemerland-ijmond,technische-informatica,unknown,2
2026-09,r:zuid-limburg,all,all,15
2026-09,r:zuid-limburg,all,senior,1
2026-09,r:zuid-limburg,all,unknown,14
2026-09,r:zuid-limburg,business-it-management,all,5
2026-09,r:zuid-limburg,business-it-management,senior,1
2026-09,r:zuid-limburg,business-it-management,unknown,4
2026-09,r:zuid-limburg,informatica,all,7
2026-09,r:zuid-limburg,informatica,unknown,7
2026-09,r:zuid-limburg,technische-informatica,all,1
2026-09,r:zuid-limburg,technische-informatica,unknown,1
2026-09,r:zuidoost-brabant,all,all,118
2026-09,r:zuidoost-brabant,all,entry,3
2026-09,r:zuidoost-brabant,all,internship,1
2026-09,r:zuidoost-brabant,all,junior,2
2026-09,r:zuidoost-brabant,all,senior,52
2026-09,r:zuidoost-brabant,all,unknown,63
2026-09,r:zuidoost-brabant,business-it-management,all,19
2026-09,r:zuidoost-brabant,business-it-management,senior,2
2026-09,r:zuidoost-brabant,business-it-management,unknown,17
2026-09,r:zuidoost-brabant,informatica,all,78
2026-09,r:zuidoost-brabant,informatica,entry,2
2026-09,r:zuidoost-brabant,informatica,internship,1
2026-09,r:zuidoost-brabant,informatica,junior,1
2026-09,r:zuidoost-brabant,informatica,senior,44
2026-09,r:zuidoost-brabant,informatica,unknown,32
2026-09,r:zuidoost-brabant,technische-informatica,all,28
2026-09,r:zuidoost-brabant,technische-informatica,entry,1
2026-09,r:zuidoost-brabant,technische-informatica,junior,1
2026-09,r:zuidoost-brabant,technische-informatica,senior,16
2026-09,r:zuidoost-brabant,technische-informatica,unknown,11
