month,geo,programme,family,n
2026-08,nl,all,business-functional-analyst,7
2026-08,nl,all,data-ai-engineer,13
2026-08,nl,all,data-bi-analyst,4
2026-08,nl,all,devops-cloud-engineer,27
2026-08,nl,all,embedded-engineer,2
2026-08,nl,all,functional-application-manager,3
2026-08,nl,all,industrial-automation,2
2026-08,nl,all,it-auditor,1
2026-08,nl,all,it-consultant,1
2026-08,nl,all,network-infrastructure-engineer,12
2026-08,nl,all,product-project-role,15
2026-08,nl,all,security-specialist,18
2026-08,nl,all,software-architect,5
2026-08,nl,all,software-developer,69
2026-08,nl,all,software-tester,5
2026-08,nl,all,technical-application-manager,4
2026-08,nl,all,web-mobile-developer,1
2026-08,nl,business-it-management,business-functional-analyst,7
2026-08,nl,business-it-management,data-bi-analyst,4
2026-08,nl,business-it-management,functional-application-manager,3
2026-08,nl,business-it-management,it-auditor,1
2026-08,nl,business-it-management,it-consultant,1
2026-08,nl,business-it-management,product-project-role,15
2026-08,nl,business-it-management,technical-application-manager,3
2026-08,nl,informatica,data-ai-engineer,13
2026-08,nl,informatica,devops-cloud-engineer,18
2026-08,nl,informatica,security-specialist,18
2026-08,nl,informatica,software-architect,5
2026-08,nl,informatica,software-developer,69
2026-08,nl,informatica,software-tester,5
2026-08,nl,informatica,technical-application-manager,4
2026-08,nl,informatica,web-mobile-developer,1
2026-08,nl,technische-informatica,devops-cloud-engineer,27
2026-08,nl,technische-informatica,embedded-engineer,2
2026-08,nl,technische-informatica,industrial-automation,2
2026-08,nl,technische-informatica,network-infrastructure-engineer,12
2026-08,nl,technische-informatica,security-specialist,18
2026-08,p:friesland,all,data-ai-engineer,1
2026-08,p:friesland,informatica,data-ai-engineer,1
2026-08,p:gelderland,all,data-ai-engineer,1
2026-08,p:gelderland,all,data-bi-analyst,1
2026-08,p:gelderland,all,devops-cloud-engineer,1
2026-08,p:gelderland,all,network-infrastructure-engineer,1
2026-08,p:gelderland,all,software-developer,1
2026-08,p:gelderland,business-it-management,data-bi-analyst,1
2026-08,p:gelderland,informatica,data-ai-engineer,1
2026-08,p:gelderland,informatica,devops-cloud-engineer,1
2026-08,p:gelderland,informatica,software-developer,1
2026-08,p:gelderland,technische-informatica,devops-cloud-engineer,1
2026-08,p:gelderland,technische-informatica,network-infrastructure-engineer,1
2026-08,p:noord-brabant,all,business-functional-analyst,1
2026-08,p:noord-brabant,all,data-bi-analyst,1
2026-08,p:noord-brabant,all,devops-cloud-engineer,2
2026-08,p:noord-brabant,all,embedded-engineer,1
2026-08,p:noord-brabant,all,industrial-automation,1
2026-08,p:noord-brabant,all,product-project-role,6
2026-08,p:noord-brabant,all,security-specialist,3
2026-08,p:noord-brabant,all,software-developer,13
2026-08,p:noord-brabant,business-it-management,business-functional-analyst,1
2026-08,p:noord-brabant,business-it-management,data-bi-analyst,1
2026-08,p:noord-brabant,business-it-management,product-project-role,6
2026-08,p:noord-brabant,informatica,devops-cloud-engineer,2
2026-08,p:noord-brabant,informatica,security-specialist,3
2026-08,p:noord-brabant,informatica,software-developer,13
2026-08,p:noord-brabant,technische-informatica,devops-cloud-engineer,2
2026-08,p:noord-brabant,technische-informatica,embedded-engineer,1
2026-08,p:noord-brabant,technische-informatica,industrial-automation,1
2026-08,p:noord-brabant,technische-informatica,security-specialist,3
2026-08,p:noord-holland,all,business-functional-analyst,1
2026-08,p:noord-holland,all,data-ai-engineer,2
2026-08,p:noord-holland,all,data-bi-analyst,1
2026-08,p:noord-holland,all,devops-cloud-engineer,10
2026-08,p:noord-holland,all,functional-application-manager,1
2026-08,p:noord-holland,all,industrial-automation,1
2026-08,p:noord-holland,all,it-auditor,1
2026-08,p:noord-holland,all,network-infrastructure-engineer,2
2026-08,p:noord-holland,all,product-project-role,1
2026-08,p:noord-holland,all,security-specialist,6
2026-08,p:noord-holland,all,software-architect,1
2026-08,p:noord-holland,all,software-developer,19
2026-08,p:noord-holland,business-it-management,business-functional-analyst,1
2026-08,p:noord-holland,business-it-management,data-bi-analyst,1
2026-08,p:noord-holland,business-it-management,functional-application-manager,1
2026-08,p:noord-holland,business-it-management,it-auditor,1
2026-08,p:noord-holland,business-it-management,product-project-role,1
2026-08,p:noord-holland,informatica,data-ai-engineer,2
2026-08,p:noord-holland,informatica,devops-cloud-engineer,7
2026-08,p:noord-holland,informatica,security-specialist,6
2026-08,p:noord-holland,informatica,software-architect,1
2026-08,p:noord-holland,informatica,software-developer,19
2026-08,p:noord-holland,technische-informatica,devops-cloud-engineer,10
2026-08,p:noord-holland,technische-informatica,industrial-automation,1
2026-08,p:noord-holland,technische-informatica,network-infrastructure-engineer,2
2026-08,p:noord-holland,technische-informatica,security-specialist,6
2026-08,p:overijssel,all,data-ai-engineer,1
2026-08,p:overijssel,all,software-developer,1
2026-08,p:overijssel,informatica,data-ai-engineer,1
2026-08,p:overijssel,informatica,software-developer,1
2026-08,p:utrecht,all,business-functional-analyst,1
2026-08,p:utrecht,all,data-ai-engineer,1
2026-08,p:utrecht,all,devops-cloud-engineer,1
2026-08,p:utrecht,all,embedded-engineer,1
2026-08,p:utrecht,all,network-infrastructure-engineer,1
2026-08,p:utrecht,all,security-specialist,1
2026-08,p:utrecht,all,software-architect,1
2026-08,p:utrecht,all,software-developer,4
2026-08,p:utrecht,business-it-management,business-functional-analyst,1
2026-08,p:utrecht,informatica,data-ai-engineer,1
2026-08,p:utrecht,informatica,devops-cloud-engineer,1
2026-08,p:utrecht,informatica,security-specialist,1
2026-08,p:utrecht,informatica,software-architect,1
2026-08,p:utrecht,informatica,software-developer,4
2026-08,p:utrecht,technische-informatica,devops-cloud-engineer,1
2026-08,p:utrecht,technische-informatica,embedded-engineer,1
2026-08,p:utrecht,technische-informatica,network-infrastructure-engineer,1
2026-08,p:utrecht,technische-informatica,security-specialist,1
2026-08,p:zuid-holland,all,devops-cloud-engineer,2
2026-08,p:zuid-holland,all,network-infrastructure-engineer,1
2026-08,p:zuid-holland,all,product-project-role,1
2026-08,p:zuid-holland,all,security-specialist,1
2026-08,p:zuid-holland,all,software-architect,1
2026-08,p:zuid-holland,all,software-developer,8
2026-08,p:zuid-holland,all,technical-application-manager,1
2026-08,p:zuid-holland,business-it-management,product-project-role,1
2026-08,p:zuid-holland,business-it-management,technical-application-manager,1
2026-08,p:zuid-holland,informatica,devops-cloud-engineer,1
2026-08,p:zuid-holland,informatica,security-specialist,1
2026-08,p:zuid-holland,informatica,software-architect,1
2026-08,p:zuid-holland,informatica,software-developer,8
2026-08,p:zuid-holland,informatica,technical-application-manager,1
2026-08,p:zuid-holland,technische-informatica,devops-cloud-engineer,2
2026-08,p:zuid-holland,technische-informatica,network-infrastructure-engineer,1
2026-08,p:zuid-holland,technische-informatica,security-specialist,1
2026-08,r:amersfoort,all,software-developer,1
2026-08,r:amersfoort,informatica,software-developer,1
2026-08,r:groot-amsterdam,all,business-functional-analyst,1
2026-08,r:groot-amsterdam,all,data-ai-engineer,1
2026-08,r:groot-amsterdam,all,data-bi-analyst,1
2026-08,r:groot-amsterdam,all,devops-cloud-engineer,10
2026-08,r:groot-amsterdam,all,functional-application-manager,1
2026-08,r:groot-amsterdam,all,industrial-automation,1
2026-08,r:groot-amsterdam,all,it-auditor,1
2026-08,r:groot-amsterdam,all,network-infrastructure-engineer,2
2026-08,r:groot-amsterdam,all,product-project-role,1
2026-08,r:groot-amsterdam,all,security-specialist,6
2026-08,r:groot-amsterdam,all,software-architect,1
2026-08,r:groot-amsterdam,all,software-developer,17
2026-08,r:groot-amsterdam,business-it-management,business-functional-analyst,1
2026-08,r:groot-amsterdam,business-it-management,data-bi-analyst,1
2026-08,r:groot-amsterdam,business-it-management,functional-application-manager,1
2026-08,r:groot-amsterdam,business-it-management,it-auditor,1
2026-08,r:groot-amsterdam,business-it-management,product-project-role,1
2026-08,r:groot-amsterdam,informatica,data-ai-engineer,1
2026-08,r:groot-amsterdam,informatica,devops-cloud-engineer,7
2026-08,r:groot-amsterdam,informatica,security-specialist,6
2026-08,r:groot-amsterdam,informatica,software-architect,1
2026-08,r:groot-amsterdam,informatica,software-developer,17
2026-08,r:groot-amsterdam,technische-informatica,devops-cloud-engineer,10
2026-08,r:groot-amsterdam,technische-informatica,industrial-automation,1
2026-08,r:groot-amsterdam,technische-informatica,network-infrastructure-engineer,2
2026-08,r:groot-amsterdam,technische-informatica,security-specialist,6
2026-08,r:haaglanden,all,devops-cloud-engineer,2
2026-08,r:haaglanden,all,software-architect,1
2026-08,r:haaglanden,all,software-developer,2
2026-08,r:haaglanden,informatica,devops-cloud-engineer,1
2026-08,r:haaglanden,informatica,software-architect,1
2026-08,r:haaglanden,informatica,software-developer,2
2026-08,r:haaglanden,technische-informatica,devops-cloud-engineer,2
2026-08,r:helmond-de-peel,all,devops-cloud-engineer,1
2026-08,r:helmond-de-peel,informatica,devops-cloud-engineer,1
2026-08,r:helmond-de-peel,technische-informatica,devops-cloud-engineer,1
2026-08,r:holland-rijnland,all,software-developer,1
2026-08,r:holland-rijnland,informatica,software-developer,1
2026-08,r:midden-gelderland,all,network-infrastructure-engineer,1
2026-08,r:midden-gelderland,technische-informatica,network-infrastructure-engineer,1
2026-08,r:midden-holland,all,technical-application-manager,1
2026-08,r:midden-holland,business-it-management,technical-application-manager,1
2026-08,r:midden-holland,informatica,technical-application-manager,1
2026-08,r:midden-utrecht,all,business-functional-analyst,1
2026-08,r:midden-utrecht,all,data-ai-engineer,1
2026-08,r:midden-utrecht,all,devops-cloud-engineer,1
2026-08,r:midden-utrecht,all,embedded-engineer,1
2026-08,r:midden-utrecht,all,network-infrastructure-engineer,1
2026-08,r:midden-utrecht,all,security-specialist,1
2026-08,r:midden-utrecht,all,software-architect,1
2026-08,r:midden-utrecht,all,software-developer,3
2026-08,r:midden-utrecht,business-it-management,business-functional-analyst,1
2026-08,r:midden-utrecht,informatica,data-ai-engineer,1
2026-08,r:midden-utrecht,informatica,devops-cloud-engineer,1
2026-08,r:midden-utrecht,informatica,security-specialist,1
2026-08,r:midden-utrecht,informatica,software-architect,1
2026-08,r:midden-utrecht,informatica,software-developer,3
2026-08,r:midden-utrecht,technische-informatica,devops-cloud-engineer,1
2026-08,r:midden-utrecht,technische-informatica,embedded-engineer,1
2026-08,r:midden-utrecht,technische-informatica,network-infrastructure-engineer,1
2026-08,r:midden-utrecht,technische-informatica,security-specialist,1
2026-08,r:noord-holland-noord,all,software-developer,1
2026-08,r:noord-holland-noord,informatica,software-developer,1
2026-08,r:noordoost-brabant,all,business-functional-analyst,1
2026-08,r:noordoost-brabant,business-it-management,business-functional-analyst,1
2026-08,r:regio-zwolle,all,software-developer,1
2026-08,r:regio-zwolle,informatica,software-developer,1
2026-08,r:rijnmond,all,network-infrastructure-engineer,1
2026-08,r:rijnmond,all,security-specialist,1
2026-08,r:rijnmond,all,software-developer,3
2026-08,r:rijnmond,informatica,security-specialist,1
2026-08,r:rijnmond,informatica,software-developer,3
2026-08,r:rijnmond,technische-informatica,network-infrastructure-engineer,1
2026-08,r:rijnmond,technische-informatica,security-specialist,1
2026-08,r:west-brabant,all,industrial-automation,1
2026-08,r:west-brabant,all,software-developer,1
2026-08,r:west-brabant,informatica,software-developer,1
2026-08,r:west-brabant,technische-informatica,industrial-automation,1
2026-08,r:zaanstreek-waterland,all,software-developer,1
2026-08,r:zaanstreek-waterland,informatica,software-developer,1
2026-08,r:zuidoost-brabant,all,data-bi-analyst,1
2026-08,r:zuidoost-brabant,all,devops-cloud-engineer,1
2026-08,r:zuidoost-brabant,all,embedded-engineer,1
2026-08,r:zuidoost-brabant,all,product-project-role,5
2026-08,r:zuidoost-brabant,all,security-specialist,3
2026-08,r:zuidoost-brabant,all,software-developer,9
2026-08,r:zuidoost-brabant,business-it-management,data-bi-analyst,1
2026-08,r:zuidoost-brabant,business-it-management,product-project-role,5
2026-08,r:zuidoost-brabant,informatica,devops-cloud-engineer,1
2026-08,r:zuidoost-brabant,informatica,security-specialist,3
2026-08,r:zuidoost-brabant,informatica,software-developer,9
2026-08,r:zuidoost-brabant,technische-informatica,devops-cloud-engineer,1
2026-08,r:zuidoost-brabant,technische-informatica,embedded-engineer,1
2026-08,r:zuidoost-brabant,technische-informatica,security-specialist,3
2026-09,nl,all,business-functional-analyst,69
2026-09,nl,all,data-ai-engineer,120
2026-09,nl,all,data-bi-analyst,35
2026-09,nl,all,devops-cloud-engineer,139
2026-09,nl,all,embedded-engineer,6
2026-09,nl,all,functional-application-manager,26
2026-09,nl,all,game-developer,1
2026-09,nl,all,industrial-automation,65
2026-09,nl,all,it-auditor,2
2026-09,nl,all,it-consultant,31
2026-09,nl,all,network-infrastructure-engineer,88
2026-09,nl,all,product-project-role,68
2026-09,nl,all,security-specialist,76
2026-09,nl,all,software-architect,54
2026-09,nl,all,software-developer,409
2026-09,nl,all,software-tester,61
2026-09,nl,all,technical-application-manager,49
2026-09,nl,all,web-mobile-developer,12
2026-09,nl,business-it-management,business-functional-analyst,69
2026-09,nl,business-it-management,data-bi-analyst,35
2026-09,nl,business-it-management,functional-application-manager,26
2026-09,nl,business-it-management,it-auditor,2
2026-09,nl,business-it-management,it-consultant,31
2026-09,nl,business-it-management,product-project-role,68
2026-09,nl,business-it-management,technical-application-manager,46
2026-09,nl,informatica,data-ai-engineer,120
2026-09,nl,informatica,devops-cloud-engineer,88
2026-09,nl,informatica,game-developer,1
2026-09,nl,informatica,security-specialist,75
2026-09,nl,informatica,software-architect,54
2026-09,nl,informatica,software-developer,409
2026-09,nl,informatica,software-tester,61
2026-09,nl,informatica,technical-application-manager,48
2026-09,nl,informatica,web-mobile-developer,12
2026-09,nl,technische-informatica,devops-cloud-engineer,139
2026-09,nl,technische-informatica,embedded-engineer,6
2026-09,nl,technische-informatica,industrial-automation,65
2026-09,nl,technische-informatica,network-infrastructure-engineer,88
2026-09,nl,technische-informatica,security-specialist,76
2026-09,p:drenthe,all,business-functional-analyst,1
2026-09,p:drenthe,all,devops-cloud-engineer,1
2026-09,p:drenthe,all,industrial-automation,1
2026-09,p:drenthe,all,product-project-role,1
2026-09,p:drenthe,all,software-developer,4
2026-09,p:drenthe,all,technical-application-manager,1
2026-09,p:drenthe,business-it-management,business-functional-analyst,1
2026-09,p:drenthe,business-it-management,product-project-role,1
2026-09,p:drenthe,business-it-management,technical-application-manager,1
2026-09,p:drenthe,informatica,software-developer,4
2026-09,p:drenthe,informatica,technical-application-manager,1
2026-09,p:drenthe,technische-informatica,devops-cloud-engineer,1
2026-09,p:drenthe,technische-informatica,industrial-automation,1
2026-09,p:flevoland,all,business-functional-analyst,1
2026-09,p:flevoland,all,data-ai-engineer,1
2026-09,p:flevoland,all,network-infrastructure-engineer,1
2026-09,p:flevoland,all,software-developer,1
2026-09,p:flevoland,business-it-management,business-functional-analyst,1
2026-09,p:flevoland,informatica,data-ai-engineer,1
2026-09,p:flevoland,informatica,software-developer,1
2026-09,p:flevoland,technische-informatica,network-infrastructure-engineer,1
2026-09,p:friesland,all,business-functional-analyst,1
2026-09,p:friesland,all,data-ai-engineer,2
2026-09,p:friesland,all,devops-cloud-engineer,4
2026-09,p:friesland,all,industrial-automation,3
2026-09,p:friesland,all,network-infrastructure-engineer,1
2026-09,p:friesland,all,product-project-role,1
2026-09,p:friesland,all,software-developer,5
2026-09,p:friesland,all,software-tester,5
2026-09,p:friesland,all,technical-application-manager,2
2026-09,p:friesland,business-it-management,business-functional-analyst,1
2026-09,p:friesland,business-it-management,product-project-role,1
2026-09,p:friesland,business-it-management,technical-application-manager,2
2026-09,p:friesland,informatica,data-ai-engineer,2
2026-09,p:friesland,informatica,devops-cloud-engineer,3
2026-09,p:friesland,informatica,software-developer,5
2026-09,p:friesland,informatica,software-tester,5
2026-09,p:friesland,informatica,technical-application-manager,2
2026-09,p:friesland,technische-informatica,devops-cloud-engineer,4
2026-09,p:friesland,technische-informatica,industrial-automation,3
2026-09,p:friesland,technische-informatica,network-infrastructure-engineer,1
2026-09,p:gelderland,all,business-functional-analyst,2
2026-09,p:gelderland,all,data-ai-engineer,1
2026-09,p:gelderland,all,devops-cloud-engineer,3
2026-09,p:gelderland,all,functional-application-manager,2
2026-09,p:gelderland,all,industrial-automation,1
2026-09,p:gelderland,all,it-consultant,3
2026-09,p:gelderland,all,network-infrastructure-engineer,7
2026-09,p:gelderland,all,software-architect,1
2026-09,p:gelderland,all,software-developer,26
2026-09,p:gelderland,all,software-tester,4
2026-09,p:gelderland,all,technical-application-manager,3
2026-09,p:gelderland,business-it-management,business-functional-analyst,2
2026-09,p:gelderland,business-it-management,functional-application-manager,2
2026-09,p:gelderland,business-it-management,it-consultant,3
2026-09,p:gelderland,business-it-management,technical-application-manager,3
2026-09,p:gelderland,informatica,data-ai-engineer,1
2026-09,p:gelderland,informatica,devops-cloud-engineer,1
2026-09,p:gelderland,informatica,software-architect,1
2026-09,p:gelderland,informatica,software-developer,26
2026-09,p:gelderland,informatica,software-tester,4
2026-09,p:gelderland,informatica,technical-application-manager,3
2026-09,p:gelderland,technische-informatica,devops-cloud-engineer,3
2026-09,p:gelderland,technische-informatica,industrial-automation,1
2026-09,p:gelderland,technische-informatica,network-infrastructure-engineer,7
2026-09,p:groningen,all,business-functional-analyst,4
2026-09,p:groningen,all,devops-cloud-engineer,2
2026-09,p:groningen,all,functional-application-manager,1
2026-09,p:groningen,all,industrial-automation,1
2026-09,p:groningen,all,it-consultant,3
2026-09,p:groningen,all,product-project-role,3
2026-09,p:groningen,all,security-specialist,3
2026-09,p:groningen,all,software-developer,2
2026-09,p:groningen,all,software-tester,2
2026-09,p:groningen,all,technical-application-manager,1
2026-09,p:groningen,business-it-management,business-functional-analyst,4
2026-09,p:groningen,business-it-management,functional-application-manager,1
2026-09,p:groningen,business-it-management,it-consultant,3
2026-09,p:groningen,business-it-management,product-project-role,3
2026-09,p:groningen,business-it-management,technical-application-manager,1
2026-09,p:groningen,informatica,devops-cloud-engineer,1
2026-09,p:groningen,informatica,security-specialist,3
2026-09,p:groningen,informatica,software-developer,2
2026-09,p:groningen,informatica,software-tester,2
2026-09,p:groningen,informatica,technical-application-manager,1
2026-09,p:groningen,technische-informatica,devops-cloud-engineer,2
2026-09,p:groningen,technische-informatica,industrial-automation,1
2026-09,p:groningen,technische-informatica,security-specialist,3
2026-09,p:limburg,all,business-functional-analyst,1
2026-09,p:limburg,all,data-ai-engineer,2
2026-09,p:limburg,all,devops-cloud-engineer,2
2026-09,p:limburg,all,functional-application-manager,1
2026-09,p:limburg,all,industrial-automation,2
2026-09,p:limburg,all,network-infrastructure-engineer,1
2026-09,p:limburg,all,product-project-role,2
2026-09,p:limburg,all,security-specialist,5
2026-09,p:limburg,all,software-developer,7
2026-09,p:limburg,all,software-tester,2
2026-09,p:limburg,all,technical-application-manager,5
2026-09,p:limburg,business-it-management,business-functional-analyst,1
2026-09,p:limburg,business-it-management,functional-application-manager,1
2026-09,p:limburg,business-it-management,product-project-role,2
2026-09,p:limburg,business-it-management,technical-application-manager,5
2026-09,p:limburg,informatica,data-ai-engineer,2
2026-09,p:limburg,informatica,devops-cloud-engineer,1
2026-09,p:limburg,informatica,security-specialist,5
2026-09,p:limburg,informatica,software-developer,7
2026-09,p:limburg,informatica,software-tester,2
2026-09,p:limburg,informatica,technical-application-manager,5
2026-09,p:limburg,technische-informatica,devops-cloud-engineer,2
2026-09,p:limburg,technische-informatica,industrial-automation,2
2026-09,p:limburg,technische-informatica,network-infrastructure-engineer,1
2026-09,p:limburg,technische-informatica,security-specialist,5
2026-09,p:noord-brabant,all,business-functional-analyst,7
2026-09,p:noord-brabant,all,data-ai-engineer,13
2026-09,p:noord-brabant,all,data-bi-analyst,3
2026-09,p:noord-brabant,all,devops-cloud-engineer,15
2026-09,p:noord-brabant,all,embedded-engineer,2
2026-09,p:noord-brabant,all,functional-application-manager,2
2026-09,p:noord-brabant,all,game-developer,1
2026-09,p:noord-brabant,all,industrial-automation,7
2026-09,p:noord-brabant,all,it-consultant,4
2026-09,p:noord-brabant,all,network-infrastructure-engineer,10
2026-09,p:noord-brabant,all,product-project-role,14
2026-09,p:noord-brabant,all,security-specialist,10
2026-09,p:noord-brabant,all,software-architect,6
2026-09,p:noord-brabant,all,software-developer,57
2026-09,p:noord-brabant,all,software-tester,16
2026-09,p:noord-brabant,all,technical-application-manager,12
2026-09,p:noord-brabant,all,web-mobile-developer,1
2026-09,p:noord-brabant,business-it-management,business-functional-analyst,7
2026-09,p:noord-brabant,business-it-management,data-bi-analyst,3
2026-09,p:noord-brabant,business-it-management,functional-application-manager,2
2026-09,p:noord-brabant,business-it-management,it-consultant,4
2026-09,p:noord-brabant,business-it-management,product-project-role,14
2026-09,p:noord-brabant,business-it-management,technical-application-manager,11
2026-09,p:noord-brabant,informatica,data-ai-engineer,13
2026-09,p:noord-brabant,informatica,devops-cloud-engineer,9
2026-09,p:noord-brabant,informatica,game-developer,1
2026-09,p:noord-brabant,informatica,security-specialist,9
2026-09,p:noord-brabant,informatica,software-architect,6
2026-09,p:noord-brabant,informatica,software-developer,57
2026-09,p:noord-brabant,informatica,software-tester,16
2026-09,p:noord-brabant,informatica,technical-application-manager,12
2026-09,p:noord-brabant,informatica,web-mobile-developer,1
2026-09,p:noord-brabant,technische-informatica,devops-cloud-engineer,15
2026-09,p:noord-brabant,technische-informatica,embedded-engineer,2
2026-09,p:noord-brabant,technische-informatica,industrial-automation,7
2026-09,p:noord-brabant,technische-informatica,network-infrastructure-engineer,10
2026-09,p:noord-brabant,technische-informatica,security-specialist,10
2026-09,p:noord-holland,all,business-functional-analyst,5
2026-09,p:noord-holland,all,data-ai-engineer,27
2026-09,p:noord-holland,all,data-bi-analyst,8
2026-09,p:noord-holland,all,devops-cloud-engineer,32
2026-09,p:noord-holland,all,embedded-engineer,2
2026-09,p:noord-holland,all,functional-application-manager,5
2026-09,p:noord-holland,all,industrial-automation,7
2026-09,p:noord-holland,all,it-auditor,1
2026-09,p:noord-holland,all,it-consultant,4
2026-09,p:noord-holland,all,network-infrastructure-engineer,6
2026-09,p:noord-holland,all,product-project-role,13
2026-09,p:noord-holland,all,security-specialist,12
2026-09,p:noord-holland,all,software-architect,13
2026-09,p:noord-holland,all,software-developer,102
2026-09,p:noord-holland,all,software-tester,6
2026-09,p:noord-holland,all,technical-application-manager,5
2026-09,p:noord-holland,all,web-mobile-developer,8
2026-09,p:noord-holland,business-it-management,business-functional-analyst,5
2026-09,p:noord-holland,business-it-management,data-bi-analyst,8
2026-09,p:noord-holland,business-it-management,functional-application-manager,5
2026-09,p:noord-holland,business-it-management,it-auditor,1
2026-09,p:noord-holland,business-it-management,it-consultant,4
2026-09,p:noord-holland,business-it-management,product-project-role,13
2026-09,p:noord-holland,business-it-management,technical-application-manager,5
2026-09,p:noord-holland,informatica,data-ai-engineer,27
2026-09,p:noord-holland,informatica,devops-cloud-engineer,21
2026-09,p:noord-holland,informatica,security-specialist,12
2026-09,p:noord-holland,informatica,software-architect,13
2026-09,p:noord-holland,informatica,software-developer,102
2026-09,p:noord-holland,informatica,software-tester,6
2026-09,p:noord-holland,informatica,technical-application-manager,5
2026-09,p:noord-holland,informatica,web-mobile-developer,8
2026-09,p:noord-holland,technische-informatica,devops-cloud-engineer,32
2026-09,p:noord-holland,technische-informatica,embedded-engineer,2
2026-09,p:noord-holland,technische-informatica,industrial-automation,7
2026-09,p:noord-holland,technische-informatica,network-infrastructure-engineer,6
2026-09,p:noord-holland,technische-informatica,security-specialist,12
2026-09,p:overijssel,all,business-functional-analyst,2
2026-09,p:overijssel,all,data-ai-engineer,3
2026-09,p:overijssel,all,data-bi-analyst,2
2026-09,p:overijssel,all,devops-cloud-engineer,2
2026-09,p:overijssel,all,embedded-engineer,1
2026-09,p:overijssel,all,functional-application-manager,1
2026-09,p:overijssel,all,industrial-automation,5
2026-09,p:overijssel,all,network-infrastructure-engineer,6
2026-09,p:overijssel,all,product-project-role,3
2026-09,p:overijssel,all,security-specialist,1
2026-09,p:overijssel,all,software-developer,17
2026-09,p:overijssel,all,software-tester,1
2026-09,p:overijssel,business-it-management,business-functional-analyst,2
2026-09,p:overijssel,business-it-management,data-bi-analyst,2
2026-09,p:overijssel,business-it-management,functional-application-manager,1
2026-09,p:overijssel,business-it-management,product-project-role,3
2026-09,p:overijssel,informatica,data-ai-engineer,3
2026-09,p:overijssel,informatica,devops-cloud-engineer,1
2026-09,p:overijssel,informatica,security-specialist,1
2026-09,p:overijssel,informatica,software-developer,17
2026-09,p:overijssel,informatica,software-tester,1
2026-09,p:overijssel,technische-informatica,devops-cloud-engineer,2
2026-09,p:overijssel,technische-informatica,embedded-engineer,1
2026-09,p:overijssel,technische-informatica,industrial-automation,5
2026-09,p:overijssel,technische-informatica,network-infrastructure-engineer,6
2026-09,p:overijssel,technische-informatica,security-specialist,1
2026-09,p:utrecht,all,business-functional-analyst,10
2026-09,p:utrecht,all,data-ai-engineer,14
2026-09,p:utrecht,all,data-bi-analyst,5
2026-09,p:utrecht,all,devops-cloud-engineer,22
2026-09,p:utrecht,all,functional-application-manager,3
2026-09,p:utrecht,all,industrial-automation,12
2026-09,p:utrecht,all,it-consultant,2
2026-09,p:utrecht,all,network-infrastructure-engineer,9
2026-09,p:utrecht,all,product-project-role,10
2026-09,p:utrecht,all,security-specialist,4
2026-09,p:utrecht,all,software-architect,5
2026-09,p:utrecht,all,software-developer,38
2026-09,p:utrecht,all,software-tester,3
2026-09,p:utrecht,all,technical-application-manager,2
2026-09,p:utrecht,business-it-management,business-functional-analyst,10
2026-09,p:utrecht,business-it-management,data-bi-analyst,5
2026-09,p:utrecht,business-it-management,functional-application-manager,3
2026-09,p:utrecht,business-it-management,it-consultant,2
2026-09,p:utrecht,business-it-management,product-project-role,10
2026-09,p:utrecht,business-it-management,technical-application-manager,2
2026-09,p:utrecht,informatica,data-ai-engineer,14
2026-09,p:utrecht,informatica,devops-cloud-engineer,14
2026-09,p:utrecht,informatica,security-specialist,4
2026-09,p:utrecht,informatica,software-architect,5
2026-09,p:utrecht,informatica,software-developer,38
2026-09,p:utrecht,informatica,software-tester,3
2026-09,p:utrecht,informatica,technical-application-manager,2
2026-09,p:utrecht,technische-informatica,devops-cloud-engineer,22
2026-09,p:utrecht,technische-informatica,industrial-automation,12
2026-09,p:utrecht,technische-informatica,network-infrastructure-engineer,9
2026-09,p:utrecht,technische-informatica,security-specialist,4
2026-09,p:zeeland,all,industrial-automation,2
2026-09,p:zeeland,all,security-specialist,1
2026-09,p:zeeland,all,software-developer,1
2026-09,p:zeeland,informatica,security-specialist,1
2026-09,p:zeeland,informatica,software-developer,1
2026-09,p:zeeland,technische-informatica,industrial-automation,2
2026-09,p:zeeland,technische-informatica,security-specialist,1
2026-09,p:zuid-holland,all,business-functional-analyst,13
2026-09,p:zuid-holland,all,data-ai-engineer,15
2026-09,p:zuid-holland,all,data-bi-analyst,6
2026-09,p:zuid-holland,all,devops-cloud-engineer,16
2026-09,p:zuid-holland,all,functional-application-manager,6
2026-09,p:zuid-holland,all,industrial-automation,12
2026-09,p:zuid-holland,all,it-auditor,1
2026-09,p:zuid-holland,all,it-consultant,5
2026-09,p:zuid-holland,all,network-infrastructure-engineer,26
2026-09,p:zuid-holland,all,product-project-role,14
2026-09,p:zuid-holland,all,security-specialist,19
2026-09,p:zuid-holland,all,software-architect,11
2026-09,p:zuid-holland,all,software-developer,47
2026-09,p:zuid-holland,all,software-tester,10
2026-09,p:zuid-holland,all,technical-application-manager,11
2026-09,p:zuid-holland,all,web-mobile-developer,2
2026-09,p:zuid-holland,business-it-management,business-functional-analyst,13
2026-09,p:zuid-holland,business-it-management,data-bi-analyst,6
2026-09,p:zuid-holland,business-it-management,functional-application-manager,6
2026-09,p:zuid-holland,business-it-management,it-auditor,1
2026-09,p:zuid-holland,business-it-management,it-consultant,5
2026-09,p:zuid-holland,business-it-management,product-project-role,14
2026-09,p:zuid-holland,business-it-management,technical-application-manager,9
2026-09,p:zuid-holland,informatica,data-ai-engineer,15
2026-09,p:zuid-holland,informatica,devops-cloud-engineer,12
2026-09,p:zuid-holland,informatica,security-specialist,19
2026-09,p:zuid-holland,informatica,software-architect,11
2026-09,p:zuid-holland,informatica,software-developer,47
2026-09,p:zuid-holland,informatica,software-tester,10
2026-09,p:zuid-holland,informatica,technical-application-manager,10
2026-09,p:zuid-holland,informatica,web-mobile-developer,2
2026-09,p:zuid-holland,technische-informatica,devops-cloud-engineer,16
2026-09,p:zuid-holland,technische-informatica,industrial-automation,12
2026-09,p:zuid-holland,technische-informatica,network-infrastructure-engineer,26
2026-09,p:zuid-holland,technische-informatica,security-specialist,19
2026-09,r:amersfoort,all,data-ai-engineer,3
2026-09,r:amersfoort,all,devops-cloud-engineer,5
2026-09,r:amersfoort,all,network-infrastructure-engineer,2
2026-09,r:amersfoort,all,software-developer,6
2026-09,r:amersfoort,all,software-tester,1
2026-09,r:amersfoort,all,technical-application-manager,2
2026-09,r:amersfoort,business-it-management,technical-application-manager,2
2026-09,r:amersfoort,informatica,data-ai-engineer,3
2026-09,r:amersfoort,informatica,devops-cloud-engineer,5
2026-09,r:amersfoort,informatica,software-developer,6
2026-09,r:amersfoort,informatica,software-tester,1
2026-09,r:amersfoort,informatica,technical-application-manager,2
2026-09,r:amersfoort,technische-informatica,devops-cloud-engineer,5
2026-09,r:amersfoort,technische-informatica,network-infrastructure-engineer,2
2026-09,r:drechtsteden,all,industrial-automation,1
2026-09,r:drechtsteden,all,software-developer,2
2026-09,r:drechtsteden,informatica,software-developer,2
2026-09,r:drechtsteden,technische-informatica,industrial-automation,1
2026-09,r:drenthe,all,industrial-automation,1
2026-09,r:drenthe,all,software-developer,1
2026-09,r:drenthe,all,technical-application-manager,1
2026-09,r:drenthe,business-it-management,technical-application-manager,1
2026-09,r:drenthe,informatica,software-developer,1
2026-09,r:drenthe,informatica,technical-application-manager,1
2026-09,r:drenthe,technische-informatica,industrial-automation,1
2026-09,r:flevoland,all,data-ai-engineer,1
2026-09,r:flevoland,all,network-infrastructure-engineer,1
2026-09,r:flevoland,informatica,data-ai-engineer,1
2026-09,r:flevoland,technische-informatica,network-infrastructure-engineer,1
2026-09,r:food-valley,all,data-ai-engineer,1
2026-09,r:food-valley,all,industrial-automation,1
2026-09,r:food-valley,all,software-developer,3
2026-09,r:food-valley,informatica,data-ai-engineer,1
2026-09,r:food-valley,informatica,software-developer,3
2026-09,r:food-valley,technische-informatica,industrial-automation,1
2026-09,r:friesland,all,business-functional-analyst,1
2026-09,r:friesland,all,data-ai-engineer,2
2026-09,r:friesland,all,devops-cloud-engineer,3
2026-09,r:friesland,all,industrial-automation,1
2026-09,r:friesland,all,product-project-role,1
2026-09,r:friesland,all,software-developer,3
2026-09,r:friesland,all,software-tester,3
2026-09,r:friesland,all,technical-application-manager,2
2026-09,r:friesland,business-it-management,business-functional-analyst,1
2026-09,r:friesland,business-it-management,product-project-role,1
2026-09,r:friesland,business-it-management,technical-application-manager,2
2026-09,r:friesland,informatica,data-ai-engineer,2
2026-09,r:friesland,informatica,devops-cloud-engineer,3
2026-09,r:friesland,informatica,software-developer,3
2026-09,r:friesland,informatica,software-tester,3
2026-09,r:friesland,informatica,technical-application-manager,2
2026-09,r:friesland,technische-informatica,devops-cloud-engineer,3
2026-09,r:friesland,technische-informatica,industrial-automation,1
2026-09,r:gooi-vechtstreek,all,data-ai-engineer,1
2026-09,r:gooi-vechtstreek,all,devops-cloud-engineer,3
2026-09,r:gooi-vechtstreek,all,functional-application-manager,1
2026-09,r:gooi-vechtstreek,all,it-consultant,1
2026-09,r:gooi-vechtstreek,all,security-specialist,2
2026-09,r:gooi-vechtstreek,all,software-architect,1
2026-09,r:gooi-vechtstreek,all,software-developer,9
2026-09,r:gooi-vechtstreek,business-it-management,functional-application-manager,1
2026-09,r:gooi-vechtstreek,business-it-management,it-consultant,1
2026-09,r:gooi-vechtstreek,informatica,data-ai-engineer,1
2026-09,r:gooi-vechtstreek,informatica,devops-cloud-engineer,3
2026-09,r:gooi-vechtstreek,informatica,security-specialist,2
2026-09,r:gooi-vechtstreek,informatica,software-architect,1
2026-09,r:gooi-vechtstreek,informatica,software-developer,9
2026-09,r:gooi-vechtstreek,technische-informatica,devops-cloud-engineer,3
2026-09,r:gooi-vechtstreek,technische-informatica,security-specialist,2
2026-09,r:groningen,all,business-functional-analyst,2
2026-09,r:groningen,all,devops-cloud-engineer,2
2026-09,r:groningen,all,functional-application-manager,1
2026-09,r:groningen,all,it-consultant,3
2026-09,r:groningen,all,product-project-role,3
2026-09,r:groningen,all,security-specialist,3
2026-09,r:groningen,all,software-developer,1
2026-09,r:groningen,all,software-tester,2
2026-09,r:groningen,all,technical-application-manager,1
2026-09,r:groningen,business-it-management,business-functional-analyst,2
2026-09,r:groningen,business-it-management,functional-application-manager,1
2026-09,r:groningen,business-it-management,it-consultant,3
2026-09,r:groningen,business-it-management,product-project-role,3
2026-09,r:groningen,business-it-management,technical-application-manager,1
2026-09,r:groningen,informatica,devops-cloud-engineer,1
2026-09,r:groningen,informatica,security-specialist,3
2026-09,r:groningen,informatica,software-developer,1
2026-09,r:groningen,informatica,software-tester,2
2026-09,r:groningen,informatica,technical-application-manager,1
2026-09,r:groningen,technische-informatica,devops-cloud-engineer,2
2026-09,r:groningen,technische-informatica,security-specialist,3
2026-09,r:groot-amsterdam,all,business-functional-analyst,5
2026-09,r:groot-amsterdam,all,data-ai-engineer,23
2026-09,r:groot-amsterdam,all,data-bi-analyst,4
2026-09,r:groot-amsterdam,all,devops-cloud-engineer,27
2026-09,r:groot-amsterdam,all,embedded-engineer,1
2026-09,r:groot-amsterdam,all,functional-application-manager,4
2026-09,r:groot-amsterdam,all,industrial-automation,4
2026-09,r:groot-amsterdam,all,it-auditor,1
2026-09,r:groot-amsterdam,all,it-consultant,3
2026-09,r:groot-amsterdam,all,network-infrastructure-engineer,5
2026-09,r:groot-amsterdam,all,product-project-role,13
2026-09,r:groot-amsterdam,all,security-specialist,9
2026-09,r:groot-amsterdam,all,software-architect,12
2026-09,r:groot-amsterdam,all,software-developer,81
2026-09,r:groot-amsterdam,all,software-tester,5
2026-09,r:groot-amsterdam,all,technical-application-manager,3
2026-09,r:groot-amsterdam,all,web-mobile-developer,7
2026-09,r:groot-amsterdam,business-it-management,business-functional-analyst,5
2026-09,r:groot-amsterdam,business-it-management,data-bi-analyst,4
2026-09,r:groot-amsterdam,business-it-management,functional-application-manager,4
2026-09,r:groot-amsterdam,business-it-management,it-auditor,1
2026-09,r:groot-amsterdam,business-it-management,it-consultant,3
2026-09,r:groot-amsterdam,business-it-management,product-project-role,13
2026-09,r:groot-amsterdam,business-it-management,technical-application-manager,3
2026-09,r:groot-amsterdam,informatica,data-ai-engineer,23
2026-09,r:groot-amsterdam,informatica,devops-cloud-engineer,17
2026-09,r:groot-amsterdam,informatica,security-specialist,9
2026-09,r:groot-amsterdam,informatica,software-architect,12
2026-09,r:groot-amsterdam,informatica,software-developer,81
2026-09,r:groot-amsterdam,informatica,software-tester,5
2026-09,r:groot-amsterdam,informatica,technical-application-manager,3
2026-09,r:groot-amsterdam,informatica,web-mobile-developer,7
2026-09,r:groot-amsterdam,technische-informatica,devops-cloud-engineer,27
2026-09,r:groot-amsterdam,technische-informatica,embedded-engineer,1
2026-09,r:groot-amsterdam,technische-informatica,industrial-automation,4
2026-09,r:groot-amsterdam,technische-informatica,network-infrastructure-engineer,5
2026-09,r:groot-amsterdam,technische-informatica,security-specialist,9
2026-09,r:haaglanden,all,business-functional-analyst,6
2026-09,r:haaglanden,all,data-ai-engineer,5
2026-09,r:haaglanden,all,devops-cloud-engineer,5
2026-09,r:haaglanden,all,functional-application-manager,6
2026-09,r:haaglanden,all,industrial-automation,3
2026-09,r:haaglanden,all,it-consultant,2
2026-09,r:haaglanden,all,network-infrastructure-engineer,9
2026-09,r:haaglanden,all,product-project-role,7
2026-09,r:haaglanden,all,security-specialist,6
2026-09,r:haaglanden,all,software-architect,7
2026-09,r:haaglanden,all,software-developer,20
2026-09,r:haaglanden,all,software-tester,6
2026-09,r:haaglanden,all,technical-application-manager,7
2026-09,r:haaglanden,all,web-mobile-developer,1
2026-09,r:haaglanden,business-it-management,business-functional-analyst,6
2026-09,r:haaglanden,business-it-management,functional-application-manager,6
2026-09,r:haaglanden,business-it-management,it-consultant,2
2026-09,r:haaglanden,business-it-management,product-project-role,7
2026-09,r:haaglanden,business-it-management,technical-application-manager,5
2026-09,r:haaglanden,informatica,data-ai-engineer,5
2026-09,r:haaglanden,informatica,devops-cloud-engineer,3
2026-09,r:haaglanden,informatica,security-specialist,6
2026-09,r:haaglanden,informatica,software-architect,7
2026-09,r:haaglanden,informatica,software-developer,20
2026-09,r:haaglanden,informatica,software-tester,6
2026-09,r:haaglanden,informatica,technical-application-manager,7
2026-09,r:haaglanden,informatica,web-mobile-developer,1
2026-09,r:haaglanden,technische-informatica,devops-cloud-engineer,5
2026-09,r:haaglanden,technische-informatica,industrial-automation,3
2026-09,r:haaglanden,technische-informatica,network-infrastructure-engineer,9
2026-09,r:haaglanden,technische-informatica,security-specialist,6
2026-09,r:helmond-de-peel,all,industrial-automation,1
2026-09,r:helmond-de-peel,technische-informatica,industrial-automation,1
2026-09,r:holland-rijnland,all,devops-cloud-engineer,1
2026-09,r:holland-rijnland,all,industrial-automation,2
2026-09,r:holland-rijnland,all,network-infrastructure-engineer,1
2026-09,r:holland-rijnland,informatica,devops-cloud-engineer,1
2026-09,r:holland-rijnland,technische-informatica,devops-cloud-engineer,1
2026-09,r:holland-rijnland,technische-informatica,industrial-automation,2
2026-09,r:holland-rijnland,technische-informatica,network-infrastructure-engineer,1
2026-09,r:midden-brabant,all,devops-cloud-engineer,1
2026-09,r:midden-brabant,all,network-infrastructure-engineer,1
2026-09,r:midden-brabant,all,software-developer,2
2026-09,r:midden-brabant,all,technical-application-manager,1
2026-09,r:midden-brabant,business-it-management,technical-application-manager,1
2026-09,r:midden-brabant,informatica,devops-cloud-engineer,1
2026-09,r:midden-brabant,informatica,software-developer,2
2026-09,r:midden-brabant,informatica,technical-application-manager,1
2026-09,r:midden-brabant,technische-informatica,devops-cloud-engineer,1
2026-09,r:midden-brabant,technische-informatica,network-infrastructure-engineer,1
2026-09,r:midden-gelderland,all,business-functional-analyst,1
2026-09,r:midden-gelderland,all,devops-cloud-engineer,2
2026-09,r:midden-gelderland,all,it-consultant,2
2026-09,r:midden-gelderland,all,network-infrastructure-engineer,1
2026-09,r:midden-gelderland,all,software-developer,6
2026-09,r:midden-gelderland,all,technical-application-manager,1
2026-09,r:midden-gelderland,business-it-management,business-functional-analyst,1
2026-09,r:midden-gelderland,business-it-management,it-consultant,2
2026-09,r:midden-gelderland,business-it-management,technical-application-manager,1
2026-09,r:midden-gelderland,informatica,software-developer,6
2026-09,r:midden-gelderland,informatica,technical-application-manager,1
2026-09,r:midden-gelderland,technische-informatica,devops-cloud-engineer,2
2026-09,r:midden-gelderland,technische-informatica,network-infrastructure-engineer,1
2026-09,r:midden-holland,all,business-functional-analyst,4
2026-09,r:midden-holland,all,devops-cloud-engineer,1
2026-09,r:midden-holland,all,it-auditor,1
2026-09,r:midden-holland,all,network-infrastructure-engineer,3
2026-09,r:midden-holland,all,security-specialist,1
2026-09,r:midden-holland,all,software-developer,2
2026-09,r:midden-holland,business-it-management,business-functional-analyst,4
2026-09,r:midden-holland,business-it-management,it-auditor,1
2026-09,r:midden-holland,informatica,security-specialist,1
2026-09,r:midden-holland,informatica,software-developer,2
2026-09,r:midden-holland,technische-informatica,devops-cloud-engineer,1
2026-09,r:midden-holland,technische-informatica,network-infrastructure-engineer,3
2026-09,r:midden-holland,technische-informatica,security-specialist,1
2026-09,r:midden-utrecht,all,business-functional-analyst,7
2026-09,r:midden-utrecht,all,data-ai-engineer,10
2026-09,r:midden-utrecht,all,data-bi-analyst,4
2026-09,r:midden-utrecht,all,devops-cloud-engineer,17
2026-09,r:midden-utrecht,all,functional-application-manager,3
2026-09,r:midden-utrecht,all,industrial-automation,10
2026-09,r:midden-utrecht,all,it-consultant,2
2026-09,r:midden-utrecht,all,network-infrastructure-engineer,5
2026-09,r:midden-utrecht,all,product-project-role,10
2026-09,r:midden-utrecht,all,security-specialist,4
2026-09,r:midden-utrecht,all,software-architect,5
2026-09,r:midden-utrecht,all,software-developer,30
2026-09,r:midden-utrecht,all,software-tester,2
2026-09,r:midden-utrecht,business-it-management,business-functional-analyst,7
2026-09,r:midden-utrecht,business-it-management,data-bi-analyst,4
2026-09,r:midden-utrecht,business-it-management,functional-application-manager,3
2026-09,r:midden-utrecht,business-it-management,it-consultant,2
2026-09,r:midden-utrecht,business-it-management,product-project-role,10
2026-09,r:midden-utrecht,informatica,data-ai-engineer,10
2026-09,r:midden-utrecht,informatica,devops-cloud-engineer,9
2026-09,r:midden-utrecht,informatica,security-specialist,4
2026-09,r:midden-utrecht,informatica,software-architect,5
2026-09,r:midden-utrecht,informatica,software-developer,30
2026-09,r:midden-utrecht,informatica,software-tester,2
2026-09,r:midden-utrecht,technische-informatica,devops-cloud-engineer,17
2026-09,r:midden-utrecht,technische-informatica,industrial-automation,10
2026-09,r:midden-utrecht,technische-informatica,network-infrastructure-engineer,5
2026-09,r:midden-utrecht,technische-informatica,security-specialist,4
2026-09,r:noord-holland-noord,all,data-bi-analyst,2
2026-09,r:noord-holland-noord,all,embedded-engineer,1
2026-09,r:noord-holland-noord,all,industrial-automation,2
2026-09,r:noord-holland-noord,all,software-developer,5
2026-09,r:noord-holland-noord,business-it-management,data-bi-analyst,2
2026-09,r:noord-holland-noord,informatica,software-developer,5
2026-09,r:noord-holland-noord,technische-informatica,embedded-engineer,1
2026-09,r:noord-holland-noord,technische-informatica,industrial-automation,2
2026-09,r:noord-limburg,all,security-specialist,1
2026-09,r:noord-limburg,informatica,security-specialist,1
2026-09,r:noord-limburg,technische-informatica,security-specialist,1
2026-09,r:noordoost-brabant,all,business-functional-analyst,1
2026-09,r:noordoost-brabant,all,data-ai-engineer,2
2026-09,r:noordoost-brabant,all,devops-cloud-engineer,3
2026-09,r:noordoost-brabant,all,embedded-engineer,1
2026-09,r:noordoost-brabant,all,functional-application-manager,1
2026-09,r:noordoost-brabant,all,industrial-automation,1
2026-09,r:noordoost-brabant,all,network-infrastructure-engineer,1
2026-09,r:noordoost-brabant,all,product-project-role,1
2026-09,r:noordoost-brabant,all,software-architect,2
2026-09,r:noordoost-brabant,all,software-developer,4
2026-09,r:noordoost-brabant,all,software-tester,3
2026-09,r:noordoost-brabant,all,technical-application-manager,1
2026-09,r:noordoost-brabant,business-it-management,business-functional-analyst,1
2026-09,r:noordoost-brabant,business-it-management,functional-application-manager,1
2026-09,r:noordoost-brabant,business-it-management,product-project-role,1
2026-09,r:noordoost-brabant,informatica,data-ai-engineer,2
2026-09,r:noordoost-brabant,informatica,devops-cloud-engineer,1
2026-09,r:noordoost-brabant,informatica,software-architect,2
2026-09,r:noordoost-brabant,informatica,software-developer,4
2026-09,r:noordoost-brabant,informatica,software-tester,3
2026-09,r:noordoost-brabant,informatica,technical-application-manager,1
2026-09,r:noordoost-brabant,technische-informatica,devops-cloud-engineer,3
2026-09,r:noordoost-brabant,technische-informatica,embedded-engineer,1
2026-09,r:noordoost-brabant,technische-informatica,industrial-automation,1
2026-09,r:noordoost-brabant,technische-informatica,network-infrastructure-engineer,1
2026-09,r:regio-zwolle,all,business-functional-analyst,1
2026-09,r:regio-zwolle,all,data-ai-engineer,3
2026-09,r:regio-zwolle,all,data-bi-analyst,1
2026-09,r:regio-zwolle,all,devops-cloud-engineer,2
2026-09,r:regio-zwolle,all,functional-application-manager,1
2026-09,r:regio-zwolle,all,product-project-role,2
2026-09,r:regio-zwolle,all,security-specialist,1
2026-09,r:regio-zwolle,all,software-developer,8
2026-09,r:regio-zwolle,business-it-management,business-functional-analyst,1
2026-09,r:regio-zwolle,business-it-management,data-bi-analyst,1
2026-09,r:regio-zwolle,business-it-management,functional-application-manager,1
2026-09,r:regio-zwolle,business-it-management,product-project-role,2
2026-09,r:regio-zwolle,informatica,data-ai-engineer,3
2026-09,r:regio-zwolle,informatica,devops-cloud-engineer,1
2026-09,r:regio-zwolle,informatica,security-specialist,1
2026-09,r:regio-zwolle,informatica,software-developer,8
2026-09,r:regio-zwolle,technische-informatica,devops-cloud-engineer,2
2026-09,r:regio-zwolle,technische-informatica,security-specialist,1
2026-09,r:rijk-van-nijmegen,all,functional-application-manager,2
2026-09,r:rijk-van-nijmegen,all,it-consultant,1
2026-09,r:rijk-van-nijmegen,all,network-infrastructure-engineer,2
2026-09,r:rijk-van-nijmegen,all,software-developer,1
2026-09,r:rijk-van-nijmegen,business-it-management,functional-application-manager,2
2026-09,r:rijk-van-nijmegen,business-it-management,it-consultant,1
2026-09,r:rijk-van-nijmegen,informatica,software-developer,1
2026-09,r:rijk-van-nijmegen,technische-informatica,network-infrastructure-engineer,2
2026-09,r:rijnmond,all,business-functional-analyst,3
2026-09,r:rijnmond,all,data-ai-engineer,9
2026-09,r:rijnmond,all,data-bi-analyst,6
2026-09,r:rijnmond,all,devops-cloud-engineer,7
2026-09,r:rijnmond,all,industrial-automation,4
2026-09,r:rijnmond,all,it-consultant,2
2026-09,r:rijnmond,all,network-infrastructure-engineer,9
2026-09,r:rijnmond,all,product-project-role,4
2026-09,r:rijnmond,all,security-specialist,11
2026-09,r:rijnmond,all,software-architect,4
2026-09,r:rijnmond,all,software-developer,15
2026-09,r:rijnmond,all,technical-application-manager,2
2026-09,r:rijnmond,all,web-mobile-developer,1
2026-09,r:rijnmond,business-it-management,business-functional-analyst,3
2026-09,r:rijnmond,business-it-management,data-bi-analyst,6
2026-09,r:rijnmond,business-it-management,it-consultant,2
2026-09,r:rijnmond,business-it-management,product-project-role,4
2026-09,r:rijnmond,business-it-management,technical-application-manager,2
2026-09,r:rijnmond,informatica,data-ai-engineer,9
2026-09,r:rijnmond,informatica,devops-cloud-engineer,6
2026-09,r:rijnmond,informatica,security-specialist,11
2026-09,r:rijnmond,informatica,software-architect,4
2026-09,r:rijnmond,informatica,software-developer,15
2026-09,r:rijnmond,informatica,technical-application-manager,1
2026-09,r:rijnmond,informatica,web-mobile-developer,1
2026-09,r:rijnmond,technische-informatica,devops-cloud-engineer,7
2026-09,r:rijnmond,technische-informatica,industrial-automation,4
2026-09,r:rijnmond,technische-informatica,network-infrastructure-engineer,9
2026-09,r:rijnmond,technische-informatica,security-specialist,11
2026-09,r:stedendriehoek,all,software-architect,1
2026-09,r:stedendriehoek,all,software-developer,8
2026-09,r:stedendriehoek,informatica,software-architect,1
2026-09,r:stedendriehoek,informatica,software-developer,8
2026-09,r:twente,all,business-functional-analyst,1
2026-09,r:twente,all,embedded-engineer,1
2026-09,r:twente,all,industrial-automation,2
2026-09,r:twente,all,network-infrastructure-engineer,5
2026-09,r:twente,all,software-developer,4
2026-09,r:twente,business-it-management,business-functional-analyst,1
2026-09,r:twente,informatica,software-developer,4
2026-09,r:twente,technische-informatica,embedded-engineer,1
2026-09,r:twente,technische-informatica,industrial-automation,2
2026-09,r:twente,technische-informatica,network-infrastructure-engineer,5
2026-09,r:west-brabant,all,business-functional-analyst,1
2026-09,r:west-brabant,all,software-architect,1
2026-09,r:west-brabant,all,software-developer,1
2026-09,r:west-brabant,all,technical-application-manager,5
2026-09,r:west-brabant,business-it-management,business-functional-analyst,1
2026-09,r:west-brabant,business-it-management,technical-application-manager,5
2026-09,r:west-brabant,informatica,software-architect,1
2026-09,r:west-brabant,informatica,software-developer,1
2026-09,r:west-brabant,informatica,technical-application-manager,5
2026-09,r:zaanstreek-waterland,all,data-ai-engineer,3
2026-09,r:zaanstreek-waterland,all,data-bi-analyst,2
2026-09,r:zaanstreek-waterland,all,software-developer,3
2026-09,r:zaanstreek-waterland,all,web-mobile-developer,1
2026-09,r:zaanstreek-waterland,business-it-management,data-bi-analyst,2
2026-09,r:zaanstreek-waterland,informatica,data-ai-engineer,3
2026-09,r:zaanstreek-waterland,informatica,software-developer,3
2026-09,r:zaanstreek-waterland,informatica,web-mobile-developer,1
2026-09,r:zuid-holland-centraal,all,it-consultant,1
2026-09,r:zuid-holland-centraal,all,product-project-role,2
2026-09,r:zuid-holland-centraal,all,software-developer,3
2026-09,r:zuid-holland-centraal,business-it-management,it-consultant,1
2026-09,r:zuid-holland-centraal,business-it-management,product-project-role,2
2026-09,r:zuid-holland-centraal,informatica,software-developer,3
2026-09,r:zuid-kennemerland-ijmond,all,devops-cloud-engineer,2
2026-09,r:zuid-kennemerland-ijmond,all,network-infrastructure-engineer,1
2026-09,r:zuid-kennemerland-ijmond,all,software-developer,3
2026-09,r:zuid-kennemerland-ijmond,all,software-tester,1
2026-09,r:zuid-kennemerland-ijmond,all,technical-application-manager,1
2026-09,r:zuid-kennemerland-ijmond,business-it-management,technical-application-manager,1
2026-09,r:zuid-kennemerland-ijmond,informatica,devops-cloud-engineer,1
2026-09,r:zuid-kennemerland-ijmond,informatica,software-developer,3
2026-09,r:zuid-kennemerland-ijmond,informatica,software-tester,1
2026-09,r:zuid-kennemerland-ijmond,informatica,technical-application-manager,1
2026-09,r:zuid-kennemerland-ijmond,technische-informatica,devops-cloud-engineer,2
2026-09,r:zuid-kennemerland-ijmond,technische-informatica,network-infrastructure-engineer,1
2026-09,r:zuid-limburg,all,business-functional-analyst,1
2026-09,r:zuid-limburg,all,data-ai-engineer,1
2026-09,r:zuid-limburg,all,functional-application-manager,1
2026-09,r:zuid-limburg,all,industrial-automation,1
2026-09,r:zuid-limburg,all,product-project-role,1
2026-09,r:zuid-limburg,all,software-developer,2
2026-09,r:zuid-limburg,all,software-tester,2
2026-09,r:zuid-limburg,all,technical-application-manager,2
2026-09,r:zuid-limburg,business-it-management,business-functional-analyst,1
2026-09,r:zuid-limburg,business-it-management,functional-application-manager,1
2026-09,r:zuid-limburg,business-it-management,product-project-role,1
2026-09,r:zuid-limburg,business-it-management,technical-application-manager,2
2026-09,r:zuid-limburg,informatica,data-ai-engineer,1
2026-09,r:zuid-limburg,informatica,software-developer,2
2026-09,r:zuid-limburg,informatica,software-tester,2
2026-09,r:zuid-limburg,informatica,technical-application-manager,2
2026-09,r:zuid-limburg,technische-informatica,industrial-automation,1
2026-09,r:zuidoost-brabant,all,business-functional-analyst,4
2026-09,r:zuidoost-brabant,all,data-ai-engineer,10
2026-09,r:zuidoost-brabant,all,devops-cloud-engineer,10
2026-09,r:zuidoost-brabant,all,embedded-engineer,1
2026-09,r:zuidoost-brabant,all,functional-application-manager,1
2026-09,r:zuidoost-brabant,all,game-developer,1
2026-09,r:zuidoost-brabant,all,industrial-automation,1
2026-09,r:zuidoost-brabant,all,it-consultant,2
2026-09,r:zuidoost-brabant,all,network-infrastructure-engineer,8
2026-09,r:zuidoost-brabant,all,product-project-role,11
2026-09,r:zuidoost-brabant,all,security-specialist,8
2026-09,r:zuidoost-brabant,all,software-architect,3
2026-09,r:zuidoost-brabant,all,software-developer,39
2026-09,r:zuidoost-brabant,all,software-tester,9
2026-09,r:zuidoost-brabant,all,technical-application-manager,1
2026-09,r:zuidoost-brabant,all,web-mobile-developer,1
2026-09,r:zuidoost-brabant,business-it-management,business-functional-analyst,4
2026-09,r:zuidoost-brabant,business-it-management,functional-application-manager,1
2026-09,r:zuidoost-brabant,business-it-management,it-consultant,2
2026-09,r:zuidoost-brabant,business-it-management,product-project-role,11
2026-09,r:zuidoost-brabant,business-it-management,technical-application-manager,1
2026-09,r:zuidoost-brabant,informatica,data-ai-engineer,10
2026-09,r:zuidoost-brabant,informatica,devops-cloud-engineer,7
2026-09,r:zuidoost-brabant,informatica,game-developer,1
2026-09,r:zuidoost-brabant,informatica,security-specialist,7
2026-09,r:zuidoost-brabant,informatica,software-architect,3
2026-09,r:zuidoost-brabant,informatica,software-developer,39
2026-09,r:zuidoost-brabant,informatica,software-tester,9
2026-09,r:zuidoost-brabant,informatica,technical-application-manager,1
2026-09,r:zuidoost-brabant,informatica,web-mobile-developer,1
2026-09,r:zuidoost-brabant,technische-informatica,devops-cloud-engineer,10
2026-09,r:zuidoost-brabant,technische-informatica,embedded-engineer,1
2026-09,r:zuidoost-brabant,technische-informatica,industrial-automation,1
2026-09,r:zuidoost-brabant,technische-informatica,network-infrastructure-engineer,8
2026-09,r:zuidoost-brabant,technische-informatica,security-specialist,8
